1,Aglonas novads,Aglonas pagasts,Aglonas centrā pie pasta nodaļas,Ciema iedzīvotāju piemiņas vieta,1941. - 1945. g.,Ierīkota piemiņas vieta LTK kritušajiem Aglonas ciema iedzīvotājiem,Melna slīpēta granīta stēla ar tekstu,1975.10.,56.1161595,27.0165955,1,/,0,2022-05-16T02:13:03.128031
2,Aglonas novads,Grāveru pagasts,pie bij. ciema IK ēkas,Grāveru ciema iedzīvotāju piemiņas vieta,1941. - 1945. g.,Ierīkota piemiņas vieta LTK kritušajiem ciema iedzīvotājiem,Piemineklis vārdiem,20. gs. 70. g.,56.06193787310373,27.13682055473328,1,/,0,2022-05-16T02:13:03.128031
3,Aizputes novads,Aizputes pilsēta,bij. Ugunsdzēsēju depo laukums,Aizputes iedzīvotāju piemiņas vieta,1941. - 1945. g.,Ierīkota piemiņas vieta LTK kritušajiem aizputniekiem,Piemiņas akmens,1988. g.,56.717132003772356,21.603305339813232,1,/,0,2022-05-16T02:13:03.128031
4,Aizputes novads,Aizputes pilsēta,Misiņkalna parka malā,SAP piemiņas vieta,1944. g.,"Šajā vietā 1944.12.30. nošava SA partizāņus A. Untenbergu, Jozefīni Untenbergu, P.Meiri, E. Kājiņu",Piemiņas plāksne,20. gs. 60. - 70. g.,56.7160104,21.6047618,1,/,0,2022-05-16T02:13:03.128031
5,Aizputes novads,Cīravas pagasts,Cīravas Jaunajā kapsētā,SAP piemiņas vieta,,Izveidota piemiņas vieta 2PK SAP partizāņiem,Piemiņas akmens,,56.7388031934761,21.374233961105347,1,/,0,2022-05-16T02:13:03.128031
6,Aizputes novads,Kalvenes pagasts,Kalvenē,Piemineklis 1905. gada rev. dalībniekiem un 2. PK dalībniekiem (SA),"1905., 1941. - 1945. g.",Piemineklis 1905. g. rev. dalībniekiem un 2PK SA dalībniekiem,Piemineklis,20. gs. 60. g.,56.6041076941629,21.73657894134522,1,/,0,2022-05-16T02:13:03.128031
7,Aizputes novads,Kalvenes pagasts,pie Kalvenes pamatskolas,Kalvenes ciema iedzīvotāju piemiņas vieta,"1905., 1941. - 1945. g.","Ierīkota piemiņas vieta par padomju varu klritušajiem Kalvenes iedzīvotājiem. Ar 1905. g. rev. saistīti 12 vārdi, ar LTK - 6",Betona ststēla uz ķieģeļu mūra pamata ar mākslīgā akmens plāksni,20. gs. 60. g.,56.60435387683056,21.73430979251862,1,/,0,2022-05-16T02:13:03.128031
8,Aizputes novads,Kazdangas pagasts,Kazdangas - Valtaiķu ceļa malā pie Dzirnavezera,Piermineklis 1905. g. un LTK kritušiem kazdandzniekiem,"1905., 1941. - 1945. g.",Piemiņas vieta 1905. g. revolūcijas upuriem un 2PK SA kritušajiem kazdandzniekiem,"Piemineklis (tēln. V. Lieknis, arh.A. Dzenis)",1965. g.,56.7107253,21.7157645,1,/,0,2022-05-16T02:13:03.128031
9,Aizputes novads,Lažas pagasts,"Apriķu mežn., Sarkanvalka iec. 150. kv. 18. nog.",Kauju vieta,1945. g.,"25.01.1945. kaujā krita SA partizāņi: A.O.Jansone-Mintāle, Ž.Actiņš, Ž.Kaupiņš, V.Jakovļevs",Piemineklis,1974. g.,56.801442267618775,21.505908966064457,1,/,0,2022-05-16T02:13:03.128031
10,Aizputes novads,Lažas pagasts,Apriķu mežn. Gobzemes iec. 280. (237.?) kv. 4. nog.,Kauju vieta,1945. g.,"1945. g. atradās SA partizāņu Rietumkurzemes vienības nometne un notika kauja ar VA daļām, un 1945.02.27. kaujā krita Rietumkurzemes vienības komandieris Andrejs Macpāns (1910. - 1945.)",Betona stēla ar piemiņas plāksni,1965. g.,56.79805840864027,21.51208877563477,1,/,0,2022-05-16T02:13:03.128031
11,Aizputes novads,Lažas pagasts,Apriķu mežn. 237(117.?). kv. pie Indrāniem,Kauju vieta,1945. g.,"27.02.1945. notika SA partizāņu Rietumkurzemes vienības kauja, kurā krita (ievainoja?) vienības komandieris Andrejs Macpāns (1910. - 1945.)",Piemiņas plāksne,20. gs.70. g.,56.801442267618775,21.518611907958984,1,/,0,2022-05-16T02:13:03.128031
12,Aizputes novads,Lažas pagasts,"Sarkanvalka grava, Apriķu - Pāvilostas ceļa 6. km",Kauju vieta,1944. - 1945. g.,SA partizāņi A. Macpāna partizāņi un frontes izlūku grupas veica diversijas pret VA komunikācijām un transportu.,?,,56.80933675096636,21.49226188659668,1,/,0,2022-05-16T02:13:03.128031
13,Aizputes novads,Lažas pagasts,"Apriķu mežn. 189. kv., Rīvas iec. 16. nog.",Kauju vieta,1944. g.,"16.12.1944. kaujā krita SA partizāņu kustības dalībnieks, Rietumkurzemes partizāņu vienības komandiera vietn. Valdemārs Barons (1911. - 1944.)",Silikātķieģeļu mūra stēla ar balta marmora plāksni,20. gs. 60. g.,56.7951442853505,21.51758193969727,1,/,0,2022-05-16T02:13:03.128031
14,Alojas novads,Alojas pilsēta ar lauku teritoriju,"Alojā, Kalēju ielas un Kluba ielas krustojumā, skvērā pretīm ēkai Kaleju ielā 3",Otrajā pasaules karā kritušo alojiešu piemiņas vieta,1941. - 1945. g.,Ierīkota piemiņas vieta 2PK kritušajiem Alojas iedzīvotājiem - SA karavīriem,"Piemineklis (tēlnieks J. Tiščenko, arhitekts J. Pētersons)",1977.09.05.,57.76596335955714,24.879688024520878,1,/,0,2022-05-16T02:13:03.128031
15,Alojas novads,Braslavas pagasts,pie Vilzēnu kultūras nama,Braslavas ciema iedzīvotāju piemiņas vieta,1941. - 1945. g.,Ierīkota piemiņas vieta 2PK (LTK) kritušajiem Braslavas ciema iedzīvotājiem,Piemineklis,20. gs. 80. g.,57.719050630651,25.014270544052128,1,/,0,2022-05-16T02:13:03.128031
16,Alojas novads,Brīvzemnieku pagasts,pie Puikules pamatskolas,Piemineklis 2.Pasaules karā kritušajiem,1941. - 1945. g.,Ierīkota piemiņas vieta 2PK (LTK) kritušajiem Brīvzemnieku ciema iedzīvotājiem,Piemiņas akmens,1985.11.,57.6858966555554,24.881983995437622,1,/,0,2022-05-16T02:13:03.128031
17,Alojas novads,Staiceles pilsēta ar lauku teritoriju,"Staicele, skvērā pie kluba (Kultūras nama, Lielā iela 7?)",Staiceles ciemata iedzīvotāju piemiņas vieta,1941. - 1945. g.,Ierīkota piemiņas vieta LTK kritušajiem staiceliešiem,Granīta piemineklis,20. gs. 60. - 70. g.,57.83618490014826,24.744000434875492,1,/,0,2022-05-16T02:13:03.128031
18,Alsungas novads,,Skolas iela 11a (bij. Komjaunatnes vai Pionieru iela,SAP piemiņas vieta,1941. - 1945. g.,"Ierīkota piemiņas vieta Alsungas skolas absolvenitiem, kas cīnījušies LTK un SAP vienībās Kuldīgas rajonā.",Sarkanīga granīta piemineklis bez uzraksta,1969. g.,56.978603762282894,21.56573295593262,1,/,0,2022-05-16T02:13:03.128031
19,Alsungas novads,,Skolas iela 11a (bij. Komjaunatnes vai Pionieru iela,Komjaunieša E. Upeslejas piemiņas vieta,1944. g.,"Ierīkota piemiņas vieta komjaunietim Eduardam Upeslejam (1914. - 1944.) -revolucionārās pagrīdes darbības organizētājs Alsungā, Spānijas brīvības cīņu dalībnieks. Gājis bojā Rīgā no vācu fašistu rokām.",Laukakmens ar iekaltu tekstu,20. gs. 70. g.,56.97765456749027,21.56174182891846,1,/,0,2022-05-16T02:13:03.128031
20,Alsungas novads,,"Alsungā, pie Bierandiem",SA izlūku piemiņas vieta,1942. g.,Bierandu mājās 1942.11.22. gāja bojā padomju izlūki Alfrēds Ķude un Alberts Pētersons,Piemineklis betona stēla ar koka žogu,20. gs. 60. g.,56.9815123,21.5674938,1,/,0,2022-05-16T02:13:03.128031
21,Alūksnes novads,Alsviķu pagasts,"Rezakas mežā, ceļa Rezaka- Ādami malā",2. PK kauju vieta,1944. g.,15.01.1944. notika SA 1. Latvijas partizāņu brigādes 4. vienības atsevišķā vada partizāņu (komandieris Matulēns) kauja ar VA / SD daļām.,Melna granīta stēla ar informatīvu tekstu.,1968.09.21.,57.44081071535818,26.919765472412113,1,/,0,2022-05-16T02:13:03.128031
22,Alūksnes novads,Alsviķu pagasts,Rezakas mežā,SA partizāņu nometnes vieta,1943. - 1944. g.,SA 1. Latvijas partizāņu brigādes 4. vienības atsevišķā vada partizāņu (komandieris Matulēns) mītnes vieta,1968. g. atjaunotas partizāņu mītnes (slieteņi un zemnīcas),1968.09.21.,57.44210013785882,26.9245719909668,1,/,0,2022-05-16T02:13:03.128031
23,Alūksnes novads,Alūksnes pilsēta,Tirgotāju ielā 12/14 (bij. Omskas iela),Piemineklis SA karavīriem,1944. g.,SA 3. Baltijas frontes karavīriem - Alūiksnes rajano atbrīvotājiem no vācu fašistiskajiem iebrucējiem,"Stēla ar cilni un tekstu. Tēln. G. Grundberga, arhit. V. Vīns",1974.08.17.,57.42377086017331,27.04645156860352,1,/,0,2022-05-16T02:13:03.128031
24,Alūksnes novads,Alūksnes pilsēta,Kalnadruvās,Piemineklis SA karavīriem,1944. g.,PiemineklisSA 364. Sibīrijas - Omskas - Tosnas sarkankarogotās strēlnieku divīzijas karavīriem - Alūksnes atbrīvotājiem no fašistiskajiem iebrucējiem 1944.08.19.,Piemineklis (tēln. G. Grundberga),1974. vai 1979. g.,57.42570831666372,27.103486061096195,1,/,0,2022-05-16T02:13:03.128031
25,Alūksnes novads,Annas pagasts,pie Papardes dzc. stacijas,2. PK kauju vieta,1944. g.,PSV varonis Vladimirs Uzu atvairīja VA tanku uzbrukumu. 3. Baltijas fronmtes karavīru piemiņas vieta,Piemineklis,1974.05.04.,57.3390444,27.0040129,1,/,0,2022-05-16T02:13:03.128031
26,Alūksnes novads,Ilzenes pagasts,pie Ilzenes pagasta padomes ēkas,Piemineklis Ilzenes pagasta iedzīvotājiem,1941. - 1945. g.,"Ierīkota piemiņas vieta Ilzenes pagasta iedzīvotājiem, kuri 2 PK karojuši SA pusē (karavīri, partizāņi un pretošanās kustības dalībnieki) - 25 uzvārdi.",Marmora stēla uz divpakāpju pamatnes,1967.09.23.,57.3768715,26.6872217,1,/,0,2022-05-16T02:13:03.128031
27,Alūksnes novads,Jaunannas pagasts,pie Mežtekām,KP funkcionāra H. Meijera pirmā kapa vieta,1944. g.,"LKP Annas pagasta pagrīdes organizācijas sekretāra Hugo Meijera pirmā kapa vieta, pārapbedīts uz Ezeriņu? kapsētu",Laukakmens ar granīta plāksni,1975. g.,57.2872389,27.117879,1,/,0,2022-05-16T02:13:03.128031
28,Alūksnes novads,Kalncempju pagasts pie bij Kalncempju ciema,IK ēkas,Kalncempju ciema iedzīvotāju piemiņas vieta,1941. - 1945. g.,"Ierīkota piemiņas vieta Kalncempju ciema iedzīvotājiem, kuri krituši 2PK karojot SA pusē (19 uzvārdi)",Dolomīta mūra stēla ar granīta plāksni,1974.08.03.,57.3410598,26.8956055,1,/,0,2022-05-16T02:13:03.128031
29,Alūksnes novads,Liepnas pagasts,pie Stardupēm,LAK kaujas vieta,1921. g.,Šajā vietā notika kauja starp SA partizāņiem un Latgales partizāņu pulka daļām. Kaujā krita sarkano partizāņu štāba priekšnieks Jānis Špons un Jūlijs Bormanis,?,,57.34472666755462,27.503929138183597,1,/,0,2022-05-16T02:13:03.128031
30,Alūksnes novads,Liepnas pagasts,Liepnas - Alūksnes ceļa malā 1 km no Liepnas kaujas pieminekļa,PSV N. Lugovceva piemiņas vieta,1944. g. jūl.,Ierīkota piemiņas vieta 1944. g. jūlijā kaujās par Liepnu kritušajam SA tankistam PSV N. Lugovcevam un viņa kaujas biedriem,Granīta piemineklis ar baltu marmora plāksni,1975. g.,57.342735163075886,27.45964050292969,1,/,0,2022-05-16T02:13:03.128031
31,Alūksnes novads,Liepnas pagasts,Demšu kalnā,Kaujas vieta,1941. g.,"Šeit 1941.07.04. no Vācijas armijas aplenkuma izlauzās SA 24. teritoriāla korpusa karavīri. Šeit apbedīti?: divīzijas komandieris Pjotrs Tupikovs un 227. pulka komisārs Nikolajs Negodujko , kurš piedalījies bij. Latvijas armijas virsnieku iznīcināšanaā Litenes nometnē 1941. g. 14. jūnijā",Granīta piemineklis un balta marmora kapa plāksne,1961. g.,57.350237477396824,27.507448196411136,1,/,0,2022-05-16T02:13:03.128031
32,Alūksnes novads,Liepnas pagasts,"bij. Žīguru MRS, Kupravas mežn. 216. kv., Āpšu kalniņš",SAP nometnes vieta,1944. g.,"Liepnas internātskolas audzēkņi 1960. g. atjaunoja SAP nometnes 11 slieteņus, kuros 1944. g. martā - jūlijā, atradās SA 1. Latvijas partizāņu brigādes (komand. V. Samsons, komis. J. Rikters) štābs.",Piemiņas plāksne,1969. g.,57.34843050093242,27.52701759338379,1,/,0,2022-05-19T09:27:33.026Z
33,Alūksnes novads,Liepnas pagasts,"bij. Žīguru MRS, Kupravas mežn. 216. kv., Āpšu kalniņš",SAP piemiņas vieta,1944. g.,Ierīkota piemiņas vieta 2PK kritušajiem SAP J. Cacuram un J. Niedrem,Piemiņas akmens,1988.06.14.,57.3494748,27.5217182,1,/,0,2022-05-16T02:13:03.128031
34,Alūksnes novads,Liepnas pagasts,pie Liepnas vidusskolas,PSV O. Oškalna piemiņas vieta,1943. - 1944. g.,Ierīkota piemiņas vieta PSV Otomāram Oškalnam (1904. - 1947.),Piemineklis (tēln. A. Zelčs),1987.10.21.,57.34271200541181,27.48092651367188,1,/,0,2022-05-16T02:13:03.128031
35,Alūksnes novads,Mālupes pagasts,"Annas mežniecības 77. kv., Sūnu saliņā",SA partizāņu nometnes vieta,1942. - 1944. g.,"Šeit 1942. - 1944. g. atradās SA Ziemeļlatvijas partizāņu vienības štābs, LKP Valkas apriņķa un Vidzemes apgabala komitejas. 20. gs. 80. g. nometnes vietā atjaunotas partizāņu mītnes",Piemineklis - granīta stēla,1964.06.17.,57.3167985,27.2844019,1,/,0,2022-05-16T02:13:03.128031
36,Alūksnes novads,Mārkalnes pagasts,Mārkalnē,2PK kritušo mārkalniešu piemiņas vieta,1941. - 1945. g.,Piemiņas vieta LTK kritušajiem Mārkalnes c. p. iedzīvotājiem,Piemiņas akmens,1975.05.08.,57.508038,27.2105055,1,/,0,2022-05-16T02:13:03.128031
37,Alūksnes novads,Pededzes pagasts,Pededzē,Piemineklis 2PK kritušajiem pededziešiem un SA lidotājiem,1941. - 1945. g.,Ierīkota piemiņas vieta LTK kritušajiem Pededzes ciema iedzīvotājiem un 1944. g. jūlijā kritušajiem SA lidotājiem Pjotram Pekaram (1921. - 1944.) un S. Tolstovam,Piemiņas stēla un piemineklis (tēln. Ruta Svile),1970.11.04.,57.48063687301239,27.442045211791992,1,/,0,2022-05-16T02:13:03.128031
38,Alūksnes novads,Pededzes pagasts,Pededze,SA lidotāju bojā ejas vieta,1944.07.29.,"Ierīkota piemiņas vieta. kur 1944. g. 29. jūl. bojā gāja SA lidotāji Pjotrs Pekars (1921. - 1944.) un S. Tolstovs, kuri atkārtoja ""Gastello varoņdarbu"".",Piemineklis - betona stēla ar balta marmora plāksni,1966.11.07.,57.4776527,27.4452031,1,/,0,2022-05-16T02:13:03.128031
39,Apes novads,Gaujienas pagasts,pie Jaunrāmnieku mājām,Kaujas vieta,1944. g.,Šajā vietā 1944. g. septembrī SA daļas forsēja Gauju.,Piemiņas akmens un birzs (40 pīlādži).,1984.09.28.,57.51515445577823,26.40173435211182,1,/,0,2022-05-16T02:13:03.128031
40,Apes novads,Virešu pagasts,"Palsmanes mežniecība,Druvkalnos",SA partizāņu nometnes vieta,1944. g.,,?,,57.4046694,26.3805055,1,/,0,2022-05-16T02:13:03.128031
41,Auces novads,Auces pilsēta ar lauku teritoriju,"Auce, bij. Raiņa ielas un Tehnikas ielas krustojumā",SA karavīra J. Vendeļa piemiņas vieta,1919. g.,Šeit 1919. g. cīņā par padomju varu varoņa nāvē krita SA 10. sarkano latviešu strēlnieku pulka izlūku komandieris Jūlijs Vendelis (? - 1919.),Piemiņas plāksne,1969. g.,56.465359284172834,22.893533706665043,1,/,0,2022-05-16T02:13:03.128031
42,Baltinavas novads,,Baltinavā,Piemineklis SA partizāņiem,1942.07.16.,"Baltinavas tuvumā krituši SA partizāņu pulka ""Par Padomju Latviju"" cīnītāji E.Dzērvīte, P.Krastiņš, J.Reinholds",?,1982.10.09.,56.94694039485814,27.643661499023438,1,/,0,2022-05-16T02:13:03.128031
43,Balvu novads,Balvu pilsēta,Brīvības un Partizānu ielu stūrī,Piemineklis SA partizāņiem,1941. - 1944. g.,Ierīkota piemiņas vieta 2PK laikā kritušajiem SA partizāņiem.,"Šūnakmens figurāls piemineklis (arhitekts A. Holcmanis, tēlnieks L. Kristovskis)",1961.06.11. (nojaukts 20. gs. 90.g. s.),57.1332404,27.257806,0,/,0,2022-05-16T02:13:03.128031
44,Balvu novads,Tilžas pagasts,Ruskulovas mežniecības 351. kv.,SA partizāņu nometnes vieta,1944. g.,1.Latvijas (SA) partizāņu brigādes 1.vienības nometnes vieta,Betona piemineklis (h~ 5 m). Pie pieminekļa - atjaunota mītne. Arhitekts Ostenbergs,1977.10.29.,56.905698574285545,27.383165359497074,1,/,0,2022-05-16T02:13:03.128031
45,Balvu novads,Tilžas pagasts,Ruskulovas mežn. 326. kv.,SAP A.Baloža bojā ejas vieta,1944.g.,Kaujā kritis SAP 1.Latvijas partizāņu brigādes komandiera vietnieks Arturs Balodis (?-1944),?,1964.05.19.,56.9057114,27.3782886,1,/,0,2022-05-16T02:13:03.128031
46,Bauskas novads,Bauskas pilsēta,Bauskas- Rīgas šosejas lb. malā pie tilta pār Mēmeli,Piemineklis SA karavīriem,1944. g.,1944. g. septembrī SA 166.strēlnieku divīzijas 735. strēln. pulks cīnījās pie Bauskas un pēc mēnesi ilgām kaujā ieņēma Bausku.,Piemiņas akmens,1974. g.,56.41295471914998,24.18303787708283,1,/,0,2022-05-16T02:13:03.128031
47,Bauskas novads,Ceraukstes pagasts,Bauskas- Paņevēżu šosejas 5. km,Piemineklis SA karavīriem,1944. g.,"Ierīkota piemiņas vieta SA karavīriem, kas šeit 1944.09.14. sāka uzbrukumu Bauskai",Piemiņas akmens,20. gs. 70. g.,56.35626376683022,24.284677505493168,1,/,0,2022-05-16T02:13:03.128031
48,Bauskas novads,Gailīšu pagasts,pie Pāces 9.g. skolas,Piemiņas akmens skolniekiem,1941. - 1945. g.,Ierīkota piemiņas vieta par padomju varu 1941. - 1945. g. kritušajiem Pāces skolas skolniekiem un Pāces novadniekiem,Piemiņas akmens ar piemiņas plāksni,20. gs. 70. g.,56.31706034126737,24.194254875183105,1,/,0,2022-05-16T02:13:03.128031
49,Bauskas novads,Gailīšu pagasts,"Kamardē, bij. kolhoza Uzvara centrā",Piemineklis Gailīšu ciema iedzīvotājiem,1941. - 1945. g.,Ierīkota piemiņas vieta par padomju varu kritušajiem 22 Gailīšu ciema iedzīvotājiem un 26 nezināmiem SA karavīriem un SA jaun. serž. B. Goludinovam (kritis 1944.08.05.),Piemineklis par padomju varu kritušajiem Gailīšu ciema 18 iedzīvotājiem un 31 SA karavīram (tēln.? Kristovskis),1965.08.18.,56.318869152194566,24.254593849182132,1,/,0,2022-05-16T02:13:03.128031
50,Bauskas novads,Mežotnes pagasts,Mežotnes parkā,SA karavīru piemiņas vieta,1944. g.,1944.09.14. šajā vietā SA 43. armiajs 9. brigādes 37. pontonu bataljons zem ienaidnieka uguns forsēja Lielupi,Piemineklis,1976. g.,56.43150074796474,24.04680848121643,1,/,0,2022-05-16T02:13:03.128031
51,Bauskas novads,Vecsaules pagasts,Vecsaulē,Piemineklis Vecsaules iedzīvotājiem,1941. - 1945. g.,Ierīkota piemiņas vieta LTK kritušajiem 14 vecsauliešiem,"~ 2 m augsts kurgāns ar šūnakmens mūra fragmentiem un melna granīta piemienkli (neregulāra stēla). Kurgāna augšgalā mūžīgās uguns vieta at metāla` veidotu liesmu. ""Oktobra jubilejas piemiņas birzs 1967.11.06.""",1967.11.06.,56.43178549889306,24.3352746963501,1,/,0,2022-05-16T02:13:03.128031
52,Brocēnu novads,Blīdenes pagasts,pie Blīdenes dzelzceļa stacijas,"Kaujas vieta ""Kundera dzots""",1945. g.,18.03.1945. PSV Jakobs Kunders (1921. - 1945.) atkārtoja Matrosova varoņdarbu,Piemiņas plāksne,,56.6311443,22.7469829,1,/,0,2022-05-16T02:13:03.128031
53,Brocēnu novads,Remtes pagasts,pie Kaulačiem,Kaujas vieta,1945. g.,03. - 05.1945. pie Kaulačiem cīnījās SA 8 igauņu strēlnieku korpuss,Piemiņas akmens,,56.7532403,22.7101624,1,/,0,2022-05-16T02:13:03.128031
54,Cēsu novads,Cēsu pilsēta,"pie Cēsu dzc. stacijas, Stacijas laukumā",Sarkano latviešu strēlnieku piemiņas vieta,1917. - 1919. g.,Ierīkota piemiņas vieta Latviešu sarkanajiem strēlniekim,Piemineklis (tēln. A. Jansons),1988.04.14.,57.31308719156383,25.28109669685364,1,/,0,2022-05-16T02:13:03.128031
55,Ciblas novads,Blontu pagasts,Blontos,Ciema iedzīvotāju piemiņas vieta,1941. - 1945. b.,Ierīkota piemiņas vieta LTK kritušajiem Blontu ciema iedzīvotājiem,Dolomīta mūra stēla ar granīta plāksnēm ar vārdiem,1974.05.08.,56.6533105,27.8533429,1,/,0,2022-05-16T02:13:03.128031
56,Ciblas novads,Pušmucovas pagasts,Pušmucovā,Piemiņas vieta Pušmucovas ciema iedzīvotājiem,1941. - 1945. g.,Ierīkota piemiņas vieta Pušmucovas ciema iedzīvotājiem,?,20. gs. 70. g.,56.6407525,27.7280434,1,/,0,2022-05-16T02:13:03.128031
57,Ciblas novads,Zvirgzdenes pagasts,"Ezermalā, Cildas - Ludzas ceļa kreisajā pusē",Piemiņas vieta Zvirgzdenes ciema iedzīvotājiem,1941. - 1945. g.,Ierīkota piemiņas vieta LTK kritušajiem Zvirgzdenes ciema iedzīvotājiem,ķieģeļu un dolomīta mūra divdaļīga stēla ar 4 piemiņas plāksnēm,1974.)7.,56.568401,27.7157039,1,/,0,2022-05-16T02:13:03.128031
58,Dagdas novads,Ezernieku pagasts,Ezernieku - Dagdas ceļa 4. km,SA partizāna J. Baško bojā ejas vieta,1943. g.,Šeit kaujā ar fašistiem krita SA partizānis Jānis Baško (1923. - 1943.05.05.),Piemineklis,1975.05.05.,56.18254049312478,27.65696525573731,1,/,0,2022-05-16T02:13:03.128031
59,Dagdas novads,Konstantinovas pagasts,Bronkos,SA karavīra PSV V.Aksjonova bojā ejas vieta,1944. g.,"Ierīkota piemiņas vieta, kur1944. g. 19. jūlijā SA 5. tanku korpusa jaun. seržants Viktors Aksjonovs atkārtoja PSV A.Matrosova varoņdarbu",Piemineklis,1974.07.19.,56.04950089715395,27.47937083244324,1,/,0,2022-05-16T02:13:03.128031
60,Dagdas novads,Šķaunes pagasts,,Piemiņas akmens 2PK kritušajiem,,Ierīkota piemiņas vieta LTK kritušajiem Šķaunes ciema iedzīvotājiem,Piemiņas akmens,,56.12842791988703,27.993335723876957,1,/,0,2022-05-16T02:13:03.128031
61,Dagdas novads,Šķaunes pagasts,,SA karavīru piemiņas vieta,1944. g.,Šajā vietā 1944. SA 43. latviešu gvardes strēlnieku divīzija pārgāja Latvijas PSR robežu.,Piemineklis,1973. VII,56.1334025727075,27.996940612792972,1,/,0,2022-05-16T02:13:03.128031
62,Dagdas novads,Šķaunes pagasts,uz A no Šķaunes,SA karavīru (43. gvardes latviešu strēlnieku divīzija) piemiņas vieta,1944. g.,SA karavīru (43. gvardes latviešu strēlnieku divīzija) piemiņas vieta,?,,56.13177631470135,28.01273345947266,1,/,0,2022-05-16T02:13:03.128031
63,Dagdas novads,Šķaunes pagasts,,SA partizāņu piemiņas vieta,"1942, g.","1942.06.12. šeit notika kauja starp SA, LV un BY partizāņiem un Vācijas policijas spēkiem",Betona stēla ar balta mākslīgā marmora plāksni,1967. VII,56.134263504984965,28.004322052001953,1,/,0,2022-05-16T02:13:03.128031
64,Daugavpils,,"Komunālā ielā 2, pretīm Daugavpils 6. vidusskolai",SA karavīru piemiņas vieta,1919,Piemineklis SA karavīriem,"Bronzas figūra uz postamenta (I. Folkmanis, V. Kalniņš)",1974.,55.8651316575723,26.503947973251346,1,/,0,2022-05-16T02:13:03.128031
65,Daugavpils,,"18.novembra ielā, bij. Slavas skvērā",SA karavīru piemiņas vieta,1944,Piemiņas ansamblis SA karavīriem,Vara kaluma obelisks (I. Folkmanis),1969.,55.87747454534444,26.549550890922546,1,/,0,2022-05-16T02:13:03.128031
66,Daugavpils,,"18.novembra ielā, pretīm Komunālajiem kapiem",SA karavīru piemiņas vieta,1944,Piemineklis SA 360.strēlnieku divīzijas karavīriem,,20. gs. 60. – 70. g.,55.88815891476104,26.57938778400421,1,/,0,2022-05-16T02:13:03.128031
67,Daugavpils novads,Demenes pagasts,"pie Kraukļiem (~ 0,5 km no Daugavpils - Braslavas ceļa pa ceļu uz Zemgali",SA karavīru piemiņas vieta,1941. g.,1941. gada 27. jūlijā vācu lidmašīnu taranēja SA kara lidotāja I. Šaforosta vadītā lidmašīna. 2007. g. piemiņas vietas sakārtošanu finansējuši Krievijas federācijas ģenerālkonsulāts Daugavpilī un Demenes pagasta padome.,Nerūsējoša tērauda obelisks ar vara plāksni,1971.02.,55.727303421663756,26.543998718261722,1,/,0,2022-05-16T02:13:03.128031
68,Daugavpils novads,Līksnas pagasts,"Aužgulēnos, Līksnā? pie bij. ciema padomes",Aužgulēnu ciema iedzīvotāju piemiņas vieta,1941. - 1945. g.,Ierīkota piemiņas vieta Lielajā Tēvijas karā kritušajiem Aužgulēnu ciema iedzīvotājiem (45 vārdi),Piemineklis ar 3 piemiņas plāksnēm,20. gs. 60. g.,55.98325865220173,26.398365497589115,1,/,0,2022-05-16T02:13:03.128031
69,Daugavpils novads,Maļinovas pagasts,"Jancišķos, pie bij. Titovu mājām",Masu terora upur I. Titova piemiņas vieta,1942. g.,"Ierīkota piemiņas vieta pie kļavas, kurā pakāra Ivanu Titovu (1896. - 1942.) - SA frontes izlūka N. Titova tēvu.",Sarkanbrūna granīta piemiņas akmens,1980.05.06.,55.99649699098172,26.755356788635254,1,/,0,2022-05-16T02:13:03.128031
70,Daugavpils novads,Maļinovas pagasts,"Maļinovkā, Daugavpils - Rēzeknes šosejas kreisajā pusē",PSV K.Orlova un PSV I.Moroza piemiņas vieta,1944. g.,Pie Maļinovkas 1944.07.22. kaujā krita SA tahku bataljona k-ris kapteinis PSV K. I. Orlovskis (1913. - 1944.) un kapteinis PSV I. Morozs (1921. -1944.),"3 betona stēlas durkļa formā, divdaļīga betona piemiņas siena ar piemiņas plāksnēm. 1976. g. fiksēta piemiņas vieta K. I.Orlovskim - Tērauda stēla ar marmora piemiņas plāksni (atkl. 1967.05.09.). Maļinovkā bijis arī piemineklis PSV I. Morozam.",1980.05.07.,55.99105457812632,26.691702604293827,1,/,0,2022-05-16T02:13:03.128031
71,Daugavpils novads,Naujenes pagasts,Daugavpils - Krāslavas šosejas malā,SA karavīru piemiņas vieta,1941. g.,"Ierīkota piemiņas vieta SA Baltijas kara flotes 1. Mīnu-torpēdu aviācijas pulka lidotājiem, kuri gāja bojā 1941.06.30. (tarans un ar degošu lidmašīnu ietriecās VA transporta kolonā (1. reizi LTK)","Lidmašīnas spārna fragments (1968. g.), piemiņas akmens ar 4 vārdiem (1980. g.)",1980. g.,55.926509338246106,26.780462265014652,1,/,0,2022-05-16T02:13:03.128031
72,Daugavpils novads,Naujenes pagasts,pretim Naujenes skolai,SA karavīru piemiņas vieta,1941. g.,"Ierīkota piemiņas vieta 1. tāllidojuma bombardētāju aviācijas korpusa lidotājiem, kuri krituši Daugavpils apkārtnē 1941.06.27. - 30.",Lidmašīnas spārna fragments ar 13 keramikas foto,1973. g.,55.930827924041914,26.715772747993473,1,/,0,2022-05-16T02:13:03.128031
73,Daugavpils novads,Naujenes pagasts,pie Naujenes skolas,SA karavīra piemiņas vieta,1944. g.,1944.07.27. pie Naujenes skolas krita SA ģenerālmajors J. O. Lagodjuks (1898.10.30. - 1944.07.27.),Nerūsējoša tērauda plāksne uz betona divpakāpju pamatnes,20. gs. 70. g.,55.930915072175935,26.714426279067997,1,/,0,2022-05-16T02:13:03.128031
74,Daugavpils novads,Nīcgales pagasts,Daugavpils - Rīgas šosejas Kr. pusē,SA karavīru piemiņas vieta,,"Ierīkota piemiņas vieta SA 41. tanku brigādes un 510. strēlnieku pulka karavīriem, kas krituši pie Nīcgales 1944. g. jūlijā.","Mākslīgā akmens stēla ar marmora piemiņas plāksni, fiksēta 1976. g.",20. gs. 70. g.,56.13890264154923,26.342468261718754,1,/,0,2022-05-16T02:13:03.128031
75,Daugavpils novads,Skrudalienas pagasts,Skrudalienas pag.,SA karavīru piemiņas vieta,1944. g.,"Ierīkota piemiņas vieta 1944.07.16. kritušajiem SA kara lidotājiem (j. ltn. Fetisovs, vec. serž. Skļarovs)",Betona stēla VĻKJS nozīmītes veidā ar marmora piemiņas plāksni (Dpils ķīmisko vielu rūpnīcas komjaunieši),1971.07.,55.81276097343623,26.713514328002933,1,/,0,2022-05-16T02:13:03.128031
76,Daugavpils novads,Sventes pagasts,Sventē,Sventes ciema iedzīvotāju piemiņas vieta,1941. - 1945. g.,Ierīkota piemiņas vieta 26 (ir vārdi) LTK kritušajiem Sventes ciema iedzīvotājiem,Betona stēla ar informatīvu plāksni un piemiņas plāksne,1971.05.29.,55.90407020168993,26.37629091739655,1,/,0,2022-05-16T02:13:03.128031
77,Daugavpils novads,Vaboles pagasts,Kucinu ciemā,Piemiņas akmens Kucinu sādžas iedzīvotājiem,19.gs. v. - 20.gs. 90.g.,?,?,1994. g.,55.982754473551594,26.49765014648438,1,/,0,2022-05-16T02:13:03.128031
78,Daugavpils novads,Višķu pagasts,Peipiņos,SA karavīru piemiņas vieta,,Ierīkota piemiņas vieta 1941.06.28. kritušajiem SA 92. tanku pulka karavīriem : politvadītājam N. Lukjanovam un 40 karavīriem,Piemiņas akmens,1980. g.,56.10421513732823,26.778659820556644,1,/,0,2022-05-16T02:13:03.128031
79,Dobeles novads,Annenieku pagasts,pie Kalnavēveriem,Piemineklis SA karavīriem,1944. g.,Piemineklis SA 130. latviešu strēlnieku korpusa karavīriem,?,,56.667736119275446,23.088970184326172,1,/,0,2022-05-16T02:13:03.128031
80,Dobeles novads,Annenieku pagasts,pie Kambariem,Piemineklis SA karavīriem,1944. g.,"Piemineklis uzstādīts bijušo SA karavīru brāļu kapu vietā pie Kambariem, kur norisinājās smagas kaujas",?,,56.66660418078537,23.082962036132812,1,/,0,2022-05-16T02:13:03.128031
81,Dobeles novads,Bikstu pagasts,pie Bikstu parka,Piemineklis SA karavīriem,1944. g.,Piemineklis sarkanarmiešu brāļu kapu vietā,?,,56.67050686688392,22.969686985015873,1,/,0,2022-05-16T02:13:03.128031
82,Durbes novads,Dunalkas pagasts,pie Dunalkas pamatskolas (bij. 8. g. skolas),Dunalkas skolas skolēnu piemiņas vieta,1941. - 1948. g.,"Ierīkota piemiņas vieta 10 bijušajiem Dunalkas astoņgadīgās skolas skolniekiem, kuri gājuši bojā 1941. - 1948. g.cīņā par padmju varu",Laukakmens ar piestiprinātu vara kaluma plāksni,20. gs. 70. g.,56.701949410301154,21.317338943481445,1,/,0,2022-05-16T02:13:03.128031
83,Durbes novads,Durbes pilsēta ar lauku teritoriju,pie Durbes Priediena kapsētas,SA karavīru piemiņas vieta,1941. g.,Ierīkota piemiņas Sarkanās Baltijas flotes 43. aviaeskadriļas 44 karavīriem kuri krituši kaujās pie Liepājas 1941. g. jūnijā. 43. aviaeskadriļa bāzējās Līgutos,Sarkanu ķieģeļu siena ar 4 brūna granīta piemiņas plāksnēm,1981. g.,56.59281935485718,21.37466311454773,1,/,0,2022-05-16T02:13:03.128031
84,Engures novads,Lapmežciema pagasts,pie Lapmežciema kultūras nama,Piemiņas vieta Lapmežciema ciema iedzīvotājiem,1941. - 1945. g.,Piemiņas vieta Lielajā Tēvijas karā kritušajiem ciema iedzīvotājiem,Piemiņas akmens,,57.00191724397087,23.513596057891846,1,/,0,2022-05-16T02:13:03.128031
85,Ērgļu novads,Sausnējas pagasts,Namkalnos,SA karavīra V. Bērziņa piemiņas vieta,1944. g.,Ierīkota piemiņas vieta SA karavīram Vladimiram Jāņa d. Bērziņam (1925.08.05. - 1944.08.25.),Melna pulēta granīta piemineklis - obelisks,20. gs. 70. g.,56.79436545816212,25.71779251098633,1,/,0,2022-05-19T09:21:36.539Z
86,Ērgļu novads,Sausnējas pagasts,Augstajā kalnā,SA karavīru piemiņas vieta,1944.09.20.,"Ierīkota piemiņas vieta SA karavīriem, kuri ieņēma Sausnēju 1944.09.20.",Laukakmens ar melna granīta piemiņas plāksni,1969.09.,56.79617997197841,25.708608627319336,1,/,0,2022-05-19T09:21:46.435Z
87,Grobiņas novads,Medzes pagasts,pie Censoņiem,NKVD (SA) robežsargu piemiņas vieta,1941. g.,Pie Censoņiem 1941.06.27. pēdējo kauju izcīnīja padomju robežsargu grupa majora A. Knechtjana vadībā.,Piemiņas plāksne,1987.06.27.,56.6155894,21.1503004,1,/,0,2022-05-16T02:13:03.128031
88,Gulbenes novads,Beļavas pagasts,Letēs,Kaujas vieta,1943. g.,1943.07.18. kaujā krita un tika apbedīti Ziemeļlatvijas partizāņu vienības partizāņi,Norādes zīme un piemineklis,1969.07.18.,57.2484169,26.73643,1,/,0,2022-05-16T02:13:03.128031
89,Gulbenes novads,Druvienas pagasts,pie Mežkleivām,SA majora P. Jakovenko piemiņas vieta,1944. g.,šajā vietā 1944. g. kritis SA majors ukrainis Pēteris Grigorija d. Jakovenko (1902. - 1944.),Piemiņas akmens ar balta marmora piemiņas plāksni,1957. g.,57.111641,26.229655,1,/,0,2022-05-16T02:13:03.128031
90,Gulbenes novads,Galgauskas pagasts,Galgauskā pie kultūras nama,Galgauskas ciema iedzīvotāju piemiņas vieta,1941. - 1945. g.,Ierīkota piemiņas vieta par padomju varu kritušajiem ciema iedzīvotājiem (21 uzvārds),"Dolomīta piemineklis uz betona pamatnes, 4 balta marmora piemiņas plāksnes",1967.11.,57.1712709,26.5857399,1,/,0,2022-05-16T02:13:03.128031
91,Iecavas novads,,Dimzu kalnā,2PK kauju vieta,1944. g.,"1944.09.16. - 17. SA 43. armijas 1. korpusa 306. strēlnieku divīzijas 935. pulka 3. bataljona karavīri izcīnīja kauju ar VA daļām. (iznīcināti 6 tanki, 5 bruņumašīnas, 300 karavīri?). 2 PSV - majors Anatolijs Burkovskis, vec. seržants Mihails Mihutinskis",,1974. g.,56.607410541458805,24.194083213806152,1,/,0,2022-05-16T02:13:03.128031
92,Iecavas novads,,pie Stīpnieku / Vīleiku mājām,2PK kaujas vieta,1943. g.,Šajā vietā 1943.09.10. kaujā gāja bojā 10 padomju desantnieki - izlūki,Piemineklis (tēlnieks L. Kristovskis),1967.10.28.,56.6080015792802,24.19914722442627,1,/,0,2022-05-16T02:13:03.128031
93,Ilūkstes novads,Eglaines pagasts,Eglaines centrā,Eglaines ciema iedzīvotāju piemiņas vieta,1941. - 1945. g.,"Ierīkota piemiņas vieta 23 Eglaines iedzīvotājiem, kuri krituši SA rindās 2PK laikā",Mākslīga akmens plāksne ar tekstu un 23 uzvārdiem. Fiksēta 1976. g.,20. gs. 70. g.,55.94886340902604,26.126260757446293,1,/,0,2022-05-16T02:13:03.128031
94,Jaunjelgavas novads,Daudzeses pagasts,"Daudzesē, pie Daudzeses pag. padomes ēkas",Piemineklis Daudzeses pagasta iedzīvotājiem,1941. -1945. g.,Piemiņas plāksne par padomju varu kritušajiem ciema iedzīvotājiem,Piemiņas plāksne,,56.47529082617687,25.209331512451172,1,/,0,2022-05-16T02:13:03.128031
95,Jaunjelgavas novads,Daudzeses pagasts,"Daudzesē, bij.Sarkano izlūku laukumā",Piemineklis SA karavīriem,1941. -1945. g.,Piemiņas akmens Lielā Tēvijas kara cīnītājiem,Piemiņas akmens,,56.4779906578851,25.21199226379395,1,/,0,2022-05-16T02:13:03.128031
96,Jaunjelgavas novads,Daudzeses pagasts,Jūgu purvā,SA partizāņu kaujas vieta,1944. g.,16.04.1944. notika 3. Latvijas partizānu brigādes Ivana Bažukova (1919 - 1944) vadītās apakšvienības partizānu kauja ar fašistu soda ekspedīciju.,Piemiņas plāksne,,56.47983887972554,25.20126342773438,1,/,0,2022-05-16T02:13:03.128031
97,Jaunjelgavas novads,Daudzeses pagasts,Jūgu purvā,SA partizānes L.Eglītes miršanas vieta,1944. g.,16.04.1944. krita partizānu kustības dalībniece Lilija Eglīte (1921 - 1944).,Piemiņas plāksne,,56.477277720821114,25.19886016845703,1,/,0,2022-05-16T02:13:03.128031
98,Jaunjelgavas novads,Sunākstes pagasts,Sunākstē,Piemineklis pagasta iedzīvotājiem,1941. - 1946. g.,Piemiņas plāksne par padomju varu kritušajiem ciema iedzīvotājiem,?,,56.4596973,25.4631438,1,/,0,2022-05-16T02:13:03.128031
99,Jaunpiebalgas novads,Jaunpiebalgas pagasts,Jaunpiebalgā pie bij. konditorejas ceha,SA karagūstekņu nošaušanas vieta,1942. g.,23.04.1942. šeit nošāva septiņus SA karagūstekņus,Piemineklis,1977. g.,57.147824,26.0092609,1,/,0,2022-05-16T02:13:03.128031
100,Jēkabpils,,"Krustpils parkā, Otrā pasaules kara? memoriāls (Padomju armijas parks)",SA karavīru piemiņas vieta,1944. g.,"Ierīkota piemiņas vieta SA 2. Baltijas frontes 22. armijas un 1. Baltijas frontes 4. triecienarmijas karavīriem - memoriāls Jēkabpils ""atbrīvotājiem"" . 10 granīta piloni ( uz 9 - PSV bareljefi","Memoriāls (tēln. Ļ. Bukovskis, arhitekts G. Asaris)",1976.09.07.,56.504315562067305,25.87162256240845,1,/,0,2022-05-16T02:13:03.128031
101,Jēkabpils,,"Zaļā iela, Jēkabpils pilsētas kapsētā",SAP P. Dubulta piemiņas vieta,1941. - 1943. g.,Ierīkota piemiņas vieta Latvijas partizāņu kustības štāba desanta grupas radistam Pēterim Dubultam (1914. - 1943.),Piemineklis,1987.09.14.,56.495196175612044,25.848040580749515,1,/,0,2022-05-16T02:13:03.128031
102,Jēkabpils novads,Ābeļu pagasts,pie Smoļiem,SA karagūstekņu nošaušanas vieta,1941. - 1944. g.,"Pie Smoļiem nošauti SA karagūstekņi, kuri bijuši ieslodzīti karagūstekņu nometnē Smoļos",?,,56.4350422,25.954274,1,/,0,2022-05-16T02:13:03.128031
103,Jelgava,,"Garozas iela 15, pie kultūras nama ""Rota""",Represēto piemiņas vieta,"1941. 1944., 1949.",Ierīkota piemiņas vieta deportētajiem Jelgavas iedzīvotājiem un SA karagūstekņiem,Piemiņas akmens,1989.03.25.,56.655754712551364,23.74940514564514,1,/,0,2022-05-16T02:13:03.128031
104,Jelgava,,Lielā iela 2,Jelgavas strādnieku gvardes piemiņas vieta,1941. g.,Ierīkota piermiņas vieta Jelgavas strādnieku gvardiem (1941. - 1945.?),Piemiņas akmens ar kapara piemiņas plāksni (tēlniece R. Kalniņa - Grīnberga),1971. g.,56.65386752970722,23.731606006622314,1,/,0,2022-05-16T02:13:03.128031
105,Jelgava,,parkā pie Jelgavas dzc. stacijas,SA karavīru piemiņas vieta,1941. - 1944. g.,Ierīkota piemiņas vieta SA karavīriem,"Kapara kaluma piemineklis (tēlniece R. Kalniņa - grīnberga, arhit. Jānis Kozlovskis)",1984.07.28. - ~1992.g.,56.64107937774242,23.731391429901127,1,/,0,2022-05-16T02:13:03.128031
106,Jelgavas novads,Jaunsvirlaukas pagasts,pie Jelgavas - Staļģenes ceļa,SA karavīru piemiņas vieta,1944. g.,Šajā vietā 1944.08.01. SA 347. divīzijas karavīri forsēja Lielupi,Piemiņas akmens,1974. g.,56.5669175,23.8949611,1,/,0,2022-05-16T02:13:03.128031
107,Jelgavas novads,Platones pagasts,Jelgavas - Elejas šosejas 5. km,SA karavīru piemiņas vieta,1944. g.,"Ierīkota piemiņas vieta SA karavīriem , kur 1944.07.28. sākās pimās kaujas par Jelgavas atbrīvošanu. Vienu no SA daļām komandēja PSV gvardes kapt. G.Gauza (Galuza?)",Piemineklis (laukakmens ar piemiņas plāksni),1974. g.,56.54036028966708,23.685665130615238,1,/,0,2022-05-16T02:13:03.128031
108,Jelgavas novads,Zaļenieku pagasts,Zaļenieku - Tērvetes ceļa malā,SA karavīru piemiņas vieta,1944. g.,Šajā vietā 1944.07.29. SA 8. gvardes mehāniskā brigāde forsēja Tērvetes upi,Laukakmens ar piemiņas plāksni,1974. g.,56.524749233727434,23.503189086914066,1,/,0,2022-05-16T02:13:03.128031
109,Jūrmala,,Sloka,Kaujas vieta - SA. 84. atsev. zen.art. divizions,1941. g.,,,,56.94993633111083,23.625755310058597,1,/,0,2022-05-16T02:13:03.128031
110,Kandavas novads,Kandavas pilsēta,"Kandavā, pie Kandavas Izpildu komitejas",Kandavas iedzīvotāju piemiņas vieta,1941. - 1945. g.,Ierīkota piemiņas vieta Lielajā Tēvijas karā kritušajiem kandavniekiem,Piemiņas plāksnes,20. gs. 70. - 80. g.,57.03979591541177,22.776589393615726,1,/,0,2022-05-16T02:13:03.128031
111,Kandavas novads,Kandavas pilsēta,"Kandava, pie Kandavas sovhoztehnikuma",SA 357. strēlnieku divīzijas piemiņas vieta,1945. g.,Ierīkota piemiņas vieta SA 357. strēlnieku divīzijai,Piemineklis ar plāksni (tēlnieks N. Kuzmins),1985.05.06.,57.0339845,22.7765659,1,/,0,2022-05-16T02:13:03.128031
112,Kandavas novads,Matkules pagasts,"Matkules pag., Matkulē",SA karavīru piemiņas vieta,1941. - 1945. g.,,Piemiņas akmens,1985.05.,56.9789594,22.5491234,1,/,0,2022-05-16T02:13:03.128031
113,Kandavas novads,Vānes pagasts,Vānē,2PK bojā gājušo Vānes pagasta iedzīvotāju piemiņas vieta,1941. - 1945. g.,"Ierīkota piemiņas vieta Vānes ciema iedzīvotājiem, kuri gājuši bojā 2. Pasaules karā","Piemiņas akmens ar Vānes kolhoza emblēmu, piemiņas plāksni un vienlemeša dzelzs arklu uz piemiņas akmens",20. gs. 70. - 80. g.,56.92560680436452,22.561111450195316,1,/,0,2022-05-16T02:13:03.128031
114,Kandavas novads,Vānes pagasts,pie Trūbām,VA kapitulācijas vieta,1945. g.,08.05.1945. SA 42. armijas 130. latviešu strēlnieku korpusa cīnītāji pieņēma VA daļu kapitulāciju.,Piemiņas akmens ar plāksni,1970.05.09.,56.88059548463688,22.60823249816895,1,/,0,2022-05-16T02:13:03.128031
115,Kandavas novads,Zantes pagasts,Plāņu muiža,SA 43. gvardes latviešu strēlnieku divīzijas piemiņas vieta,1945. 05.08.,Plāņu muižā 2PK beidza SA 43. gvardes latviešu strēlnieku divīzija,?,,56.8583089,22.7366598,1,/,0,2022-05-16T02:13:03.128031
116,Kandavas novads,Zemītes pagasts,"Zemītes pag., pie Bērzu kalna, pretīm Pavārkalna kapsētas",SA (latviešu sarkano strēlnieku) nošaušanas vieta,1919.03.15.,Šajā vietā 1919.03.15. nošauti 19 SA latviešu sarkanie strēlnieki,?,,56.9072145,22.824791,1,/,0,2022-05-16T02:13:03.128031
117,Kārsavas novads,Goliševas pagasts,Goliševā,Goliševas ciema iedzīvotāju piemiņas vieta,1941. - 1945. g.,Iekārtota piemiņas vieta LTK kritušajiem Goliševas ciema iedzīvotājiem,Ķieģeļu mūra stēla ar 5 piemiņas plāksnēm ar vārdiem,1974. 05.09.,56.74349857268233,27.88913726806641,1,/,0,2022-05-16T02:13:03.128031
118,Kārsavas novads,Goliševas pagasts,Mazajos Batos,Kaujas vieta,1944. g.,29.02.1944. kaujā krita Konstantīna Čugunova izlūku grupas 12 cīnītāji,Piemiņas plāksne,,56.7660465,27.8838934,1,/,0,2022-05-16T02:13:03.128031
119,Kārsavas novads,Kārsavas pilsēta,bij. Ļeņina un Teātra ielu krustojums,Piemiņas vieta Kārsavas iedzīvotājiem,1941. - 1945.,Ierīkota piemiņas vieta LTK kritušajiem Kārsavas iedzīvotājiem,Ķieģeļu mūra stēla ar 3 piemiņas plāksnēm ( 2 ar vārdiem),20. gs. 60. - 70. g.,56.78556603508513,27.678229808807377,1,/,0,2022-05-16T02:13:03.128031
120,Kārsavas novads,Malnavas pagasts,Malnavā,Piemineklis Malnavas ciema iedzīvotājiem,1941. - 1945. g.,Izveidota piemiņas vieta 1941. - 1945. g. SA kritušajiem Malnavas pagasta iedzīvotājiem,"Piemineklis, 4 stēlas , 2 piemiņas plāksnes ar vārdiem",20. gs. 70. g.,56.77219940762956,27.729492187500004,1,/,0,2022-05-16T02:13:03.128031
121,Kārsavas novads,Malnavas pagasts,Malnavas - Brižovkas ceļa 10. km,Kaujas vieta,1943. g.,"01.04.1943. kaujā krita SAP nodaļas ""Liesma"" 7 partizāņi",Piemiņas plāksnes,1967.05.09.,56.77248160199391,27.716789245605472,1,/,0,2022-05-16T02:13:03.128031
122,Kārsavas novads,Mērdzenes pagasts,,Piemiņas vieta Mērdzenes ciema iedzīvotājiem,1941. - 1945. g.,Ierīkota piemiņas vieta LTK kritušajiem Mērdzenes ciema iedzīvotājiem.,Ķieģeļu mūra siena ar 6 piemiņas plāksnēm ar vārdiem,,56.6956375,27.7452309,1,/,0,2022-05-16T02:13:03.128031
123,Kārsavas novads,Salnavas pagasts,Salnavā,Piemiņas vieta Salnavas ciema iedzīvotājiem,1941. - 1945. g.,Ierīkota piemiņas vieta LTK kritušajiem Salnavas ciema iedzīvotājiem,Dolomīta stēla ar 12 piemiņas plāksnēm ar vērdiem,20. gs. 60. - 70. g.,56.81403505888278,27.552123069763187,1,/,0,2022-05-16T02:13:03.128031
124,Kārsavas novads,Salnavas pagasts,Numernes mežā,SAP nometnes vieta,1942- 1943. g.,Šeit atradās 1. latviešu partizāņu brigādes 1. nodaļas (komandieris A. Počs) nometne,?,,56.80898398877598,27.538926601409916,1,/,0,2022-05-16T02:13:03.128031
125,Kārsavas novads,Salnavas pagasts,"Ruskulovas mežniecība, Meiteņu kalniņš",Kaujas vieta,1944. g.,1944.06.05. kaujā krita 1. Latvijas partizāņu brigādes partizāņi,Piemineklis,20. gs. 60.g.,56.8093719,27.5363963,1,/,0,2022-05-16T02:13:03.128031
126,Kārsavas novads,Salnavas pagasts,"""Babij moh"" mežā",SAP nometnes vieta,1942- 1943. g.,Šeit atradās 1. latviešu partizāņu brigādes 1. nodaļas nometne,Piemineklis,20. gs. 60.g.,56.808937367632375,27.543969154357914,1,/,0,2022-05-16T02:13:03.128031
127,Krāslavas novads,Andzeļu pagasts,Andzeļos,Andzeļu ciema iedzīvotāju piemiņas vieta,1941. - 1945. g.,Ierīkota piemiņas vieta LTK kritušajiem ciema iedzīvotājiem,3 betona plāksnes ar vārdiem pie lauakmeņu mūra,20. gs. 70. g.,56.168762644857345,27.55092144012451,1,/,0,2022-05-16T02:13:03.128031
128,Krāslavas novads,Aulejas pagasts,Aulejā,Aulejas ciema iedzīvotāju piemiņas vieta,1941. - 1945. g.,Ierīkota piemiņas vieta LTK kritušajiem ciema iedzīvotājiem,Ķieģeļu siena ar 3 mākslīgā akmens plāksnēm ar vārdiem,1982. 11.05.,56.05745718983982,27.280790805816654,1,/,0,2022-05-16T02:13:03.128031
129,Krāslavas novads,Kombuļu pagasts,Krāslavas - Sauleskalna ceļa kr. Pusē,2PK kaujas vieta,1941. g.,"Kaujā krituši 3 SA 31. ātrgaitas bumbvedēju aviācijas pulka ekipāža (3 lidotāji): vec. ltn. M.V. Jakovļevs, j. ltn. P.M. Burnoss, vec. serž. V.E. Špiņevs.",Piemineklis,1980. g.,55.991480638088326,27.217640876770023,1,/,0,2022-05-16T02:13:03.128031
130,Krāslavas novads,Krāslavas pilsēta,"bij. A. Smorgunova ielas skvērā, pie poliklīnikas",Piemineklis SA daļām,1944. g.,"1944. g. 22. jūlijā Krāslavu ieņēma SA 2. Baltijas frontes 4. triecienarmijas 360., 311., 332. strēlneiku divīzijas un 999. pašgājēju artilērijas pulka karavīri. Piemiņas zīme 1970. g.",Piemineklis (arhit. A. Treškovs),1985.05. 06.),55.8990344,27.1625848,1,/,0,2022-05-16T02:13:03.128031
131,Krustpils novads,Kūku pagasts,Kūkas,SAkg nometnes vieta,1941. - 1944. g.,Kūkās atradās SA karagūstekņu nometne,?,,56.54472237977781,26.095104217529297,1,/,0,2022-05-16T02:13:03.128031
132,Krustpils novads,Mežāres pagasts,pie Vectaurupēm,SA karavīra PSV M.Orlova bojā ejas vieta,1944. g.,Šajā vietā 1944.08.03. gāja bojā PSV SA kapteinis Mihails Orlovs,Piemiņas akmens,20. gs. 60. g.,56.540226974110006,26.245737075805668,1,/,0,2022-05-16T02:13:03.128031
133,Krustpils novads,Variešu pagasts,Āriņos,SA karavīru piemiņas vieta,1944. g.,Pie Āriņām 1944.08.10. Aivieksti forsēja SA 130. latviešu strēlnieku divīzija,?,,56.62828688884011,25.8973503112793,1,/,0,2022-05-16T02:13:03.128031
134,Krustpils novads,Variešu pagasts,pie Krievciema,SA karavīru piemiņas vieta,1944. g.,Pie Krievciema 1944.08.10. Aivieksti forsēja SA 130. latviešu strēlnieku divīzija,?,,56.63829466648117,25.936832427978516,1,/,0,2022-05-16T02:13:03.128031
135,Krustpils novads,Variešu pagasts,pie Uģērēm,SA karavīru piemiņas vieta,1944. g.,Pie Krievciema 1944.08.10. Aivieksti forsēja SA 130. latviešu strēlnieku divīzija,?,,56.643863883438904,25.959663391113285,1,/,0,2022-05-16T02:13:03.128031
136,Krustpils novads,Variešu pagasts,pie Lejas Saciņām,SA karavīru piemiņas vieta,1944. g.,Pie Lejas Saciņām 1944.08.10. Aivieksti forsēja SA 319. lsarkankarogotā Daugavpils strēlnieku divīzija,?,,56.56487416292763,25.98146438598633,1,/,0,2022-05-16T02:13:03.128031
137,Krustpils novads,Variešu pagasts,Medņos,Padomju aktīvistu(?) un SA karavīru piemiņas vieta,"1919., 1944. g.","Ierīkota piemiņas vieta 1919. g. kritušajiem cīnītājiem par padomju varu P. Milleram, A. Štrngam un A. Tuntulim, kā arī SA 2. Baltijas frontes 22. armijas un 130. latviešu strēlnieku korpusa karavīriem - Medņu ciema ""atbrīvotājiem""",Piemiņas akmens ar piemiņas plāksnēm,1975. g.,56.608074417651416,26.04918479919434,1,/,0,2022-05-16T02:13:03.128031
138,Kuldīgas novads,Ēdoles pagasts,Mazbrūveri,SA izlūku piemiņas vieta,1944. g.,"Mazbrūveros 1944. - 1945. g. uzturējās SA frontes (kuras?) izlūku grupa ""Smelij"". Sk. V.Samsons ""Kurzemes meži šalc"", 412. lpp.",Piemiņas akmens,,57.01485148968961,21.691646575927738,1,/,0,2022-05-16T02:13:03.128031
139,Kuldīgas novads,Gudenieku pagasts,"Ēdoles mežniecības 204. kv., Šķupeles mežā",SA partizāņu nometnes vieta,1945. g.,"A. Macpāna SA partizāņu nometnes vieta, kur 1945.02.11. notika kauja ar vācu soda ekspedīciju. Zaru būdas, pie kurām koka plāksnes ar uzrakstiem",Balti krāsotas koka plāksnes uz koka stabiem,,56.889285,21.5927155,1,/,0,2022-05-16T02:13:03.128031
140,Kuldīgas novads,Gudenieku pagasts,"0,5 km no bij. Gudenieku ciema padomes",Nezināma SA cīnītāja piemiņas vieta,1944. g.,Šeit 1944.12. nevienādā cīņā ar fašistiem gāja bojā nezināms cīnītājs.,Mākslīgā akmens (betona) trapecveida stēla,20. gs. 60. g.,56.88511308669687,21.603316068649292,1,/,0,2022-05-16T02:13:03.128031
141,Kuldīgas novads,Gudenieku pagasts,pie Ošiem,SAP A. Zīles piemiņas vieta,1945. g.,Šeit 1945. g. janvārī nevienādā cīņā ar fašistiem krita parizāņu grupas komandieris Arvīds Zīle (? - 1945.01.),Mākslīgā akmens trapecveida stēla,20. gs. 60. g.,56.881203346102666,21.604185104370117,1,/,0,2022-05-16T02:13:03.128031
142,Kuldīgas novads,Gudenieku pagasts,"Ēdoles - Apriķu un Alsungas - Aizputes ceļu krustojumā, 9 km no Alsungas",Rietumkurzemes SA partizāņu piemiņas vieta,1944. - 1945. g.,Šinī rajonā 1944. - 1945. g. darbojās Rietumkurzemes partizāņu vienība.,Piemiņas akmens,20. gs. 60. g.,56.89135492810681,21.60641670227051,1,/,0,2022-05-16T02:13:03.128031
143,Kuldīgas novads,Kabiles pagasts,"Kabiles mežā, pie Riskalniem (Rijaskalniem? sk. Rendas pag.)",SAP piemiņas vieta,1944. - 1945. g.,"Ierīkota piemiņas vieta SA frontes? izlūku grupu ""Kudrjavij"" un ""Baltijec"" apmetņu vietā",Koka plāksne uz koka staba,1974. g.,56.9489665,22.3495404,1,/,0,2022-05-16T02:13:03.128031
144,Kuldīgas novads,Rendas pagasts,Renda,Piemineklis 1905. g. un 2.PK kritušajiem rendeniekiem,"1905., 1941. - 1945. g.",Ierīkota piemiņas vieta 1905. g. un 2PK SA kritušajiem rendeniekiem,Piemineklis,1975. g.,57.065936884706446,22.289543151855472,1,/,0,2022-05-16T02:13:03.128031
145,Kuldīgas novads,Rendas pagasts,Ozolos,SAP piemiņas vieta,1944. - 1945. g.,"Ozolos 1944.10. - 1945.05. darbojās SAP vienība ""Sarkanā Bulta"" un SA frontes izlūku grupa",Piemiņas akmens,1974.09.14.,57.042247413080794,22.132129669189457,1,/,0,2022-05-16T02:13:03.128031
146,Kuldīgas novads,Rendas pagasts,Rijaskalnos,SAP / SA piemiņas vieta,1944. - 1945. g.,"Ierīkota piemiņas vieta SA frontes izlūku grupām Kudrjavij un ""Baltijec.",?,1974. g.,57.056789638715316,22.254695892333988,1,/,0,2022-05-16T02:13:03.128031
147,Kuldīgas novads,Rendas pagasts,pie Abavas upes,SAP piemiņas vieta,1944. g.,"SAP vienības ""Sarkanā Bulta"" komandiera Vladimira Semjonova (1924. - 1944.) pirmā kapa vieta",?,,57.06859663012893,22.25787162780762,1,/,0,2022-05-16T02:13:03.128031
148,Kuldīgas novads,Rumbas pagasts,pie Krojeniekiem,SAP kaujas vieta,,"Pie Krojeniekiem notika 1945.03.07. SAP vienības ""Sarkanā Bulta"" kauja ar vācu soda ekspedīciju",Koka plāksne uz koka staba,20. gs. 60. g.,56.9936814,22.0727675,1,/,0,2022-05-16T02:13:03.128031
149,Ķeguma novads,Birzgales pagasts,pie Lāčplēša dzc. stacijas,SAP piemiņas vieta,1943. g.,1943.10. - 11. šajā vietā uzturējās Otomāra Oškalna partizāņu grupa. Saglabājušās sabrukuša bunkura paliekas.n Bunkurs atjaunots 1983. g. - Birzgales 8. g. skola un Birzgales mežniecība,Piemiņas plāksne? Koka plāksne fiksēta 1977. g.,20. gs. 70. - 80. g.,56.6297614,24.8162004,1,/,0,2022-05-16T02:13:03.128031
150,Ķeguma novads,Ķeguma pilsēta ar lauku teritoriju,pie Silīšiem,SA karavīru (izlūku) kaps un piemiņas vieta,1944. g.,Šajā vietā 1944.07.28. - 09.20. atradās SA izlūku grupas (komandieris A. Roze) nometne. Apbedīts 1944.09.19. kritušais grupas radists Jurijs Žuravļovs,Piemiņas plāksne. 3-4 km no šīs vietas atrodas grupas komandiera A. Rozes kaps,1980. g.,56.74066441682221,24.73880767822266,1,/,0,2022-05-16T02:13:03.128031
151,Ķeguma novads,Ķeguma pilsēta ar lauku teritoriju,"Ķeguma l.t., pie Tomes skolas",SA karavīru (izlūku) piemiņas vieta,1944. g.,Tomes apkārtnē 1944.07.28. - 09.20. darbojās SA izlūku grupa A. Rozes vadībā,Piemiņas akmens ar iekaltu tekstu,1975.05.07.,56.75033011946531,24.654350280761722,1,/,0,2022-05-16T02:13:03.128031
152,Lielvārdes novads,Jumpravas pagasts,"pie Dabēm, mežā",SAP V. Jauntirāna piemiņas vieta,1943. g.,SAP Vitolda Jauntirāna (1922. -1943.05.14.) bunkurs un bojā ejas vieta. Blakus piemineklim atrodas bunkurs (fiksēts 1977. g. ),Betona piemineklis ar balta marmora plāksni,1969. g.,56.6764431,24.9736596,1,/,0,2022-05-16T02:13:03.128031
153,Lielvārdes novads,Lielvārdes pilsēta ar lauku teritoriju,"Lielvārdē, pie bij. universālveikala",SA piemiņas vieta,1944. g.,"Ierīkota piemiņas vieta SA karavīriem, kas ieņēma Lielvārdi 1944. g. rudenī",Laukakmens ar piemiņas plāksni,1974. g.,56.7171611,24.86752,1,/,0,2022-05-16T02:13:03.128031
154,Liepāja,,"Jaunā Ostmala, Parādes laukumā",Piemineklis Liepājas aizstāvjiem,1941. g.,"Ierīkota piemiņas vieta Liepājas ""aizstāvjiem"" 1941.06.22. - 29.","Bronzas figūru grupa uz granīta pamatnes. Tēlnieks E. Zvirbulis, arhitekts J. Līcītis, V. Liekņa mets.",1960.07.20.,56.51267504658056,21.017789840698246,1,/,0,2022-05-16T02:13:03.128031
155,Liepāja,,Zaļajā birzī pie Grizupes forta,SA ģenerālmajora N.Dedajeva ievainošanas vieta,1941. g.,Pie Liepājas cietokšņa Vidusforta kreisās puses pulvera pagraba drupām 1941.06.25. nāvīgi ievainoja SA 67. strēlnieku divīzijas komandieri ģenerālmajoru N. A. Dedajevu,Balta marmora piemiņas plāksne,1966.07.25.,56.5369455,21.0384852,1,/,0,2022-05-16T02:13:03.128031
156,Liepāja,,Vidus forts,SA karavīru piemiņas vieta,1941. g.,Ierīkota piemiņas vieta Liepājas aizstāvjiem 1941. g. jūnijā,"Sarkanu ķieģeļu siena ar metālā kltu bareljefu un 2 piemiņas plāksnēm (tēln. J. Zibens, M. Furmans, arhit. H. Krams",1966.06.25.,56.54344479245764,21.083621978759766,1,/,0,2022-05-16T02:13:03.128031
157,Liepāja,,"Karostā, Tosmarē",SA kara lidotāju piemiņas vieta,1941. - 1945. g.,"Ierīkota piemiņas vieta SA GKF lidotājiem, kuri gājuši bojā virs Liepājas ostas izpildot kaujas uzdevumus 1944.09. - 1945.05.",Obelisks,1975.05.09.,56.5512515972511,21.021137237548828,1,/,0,2022-05-16T02:13:03.128031
158,Liepāja,,Dārtas? (bij. J. Kosas) iela 31,Liepājas slimnīcas darbinieku piemiņas vieta,1941. - 1945. g.,Ierīkota piemiņas vieta Liepājas slimnīcas darbiniekiem - LTK dalībniekiem,?,,56.499140283284554,21.000022888183594,1,/,0,2022-05-16T02:13:03.128031
159,Liepāja,,14. Novembra (bij. Tankistu) iela 19,Liepājas aizstāvju piemiņas vieta - pozīcijas,1941. g.,Ierīkota piemiņas vieta SA Rīgas? kara skolas kursantu bataljonam,?,,56.54074752208942,21.078000068664554,1,/,0,2022-05-16T02:13:03.128031
160,Liepāja,,"Zaļajā birzī, pie Dienvidu forta",Kauju vieta (I.Sudmalis un komjaunieši),1941. g.,Šajā vietā 1941.06. PSV I. Sudmaļa vadībā cīnījās komjauniešu vienība,Granīta piemiņas akmens ar melna granīta piemiņas plāksni,1966.08.,56.53237056298215,21.071176528930668,1,/,0,2022-05-16T02:13:03.128031
161,Liepāja,,Brīvības iela 103 (bij. Liepājas l/s mašīnu rūpnīcas teritorijā),Liepājas aizstāvju piemiņas vieta,1941. - 1945. g.,Ierīkota piemiņas vieta Liepājas aizstāvjiem 1941. g.,Kaļķakmens mūra sienas fragments ar melna granīta piemiņas plāksni un metāla zvaigzni,1966.06.25.,56.527814517862474,21.03308916091919,1,/,0,2022-05-16T02:13:03.128031
162,Liepāja,,Uliha (bij. Uzvaras ) ielā 5,PSRS NKVD robežsargu piemiņas vieta,1941. - 1945.g.,Ierīkota piemiņas vieta robežsardzes kutera MO-207 komandierim vec. leitnantam N.I. Kaplunovam (uz mūžu ierakstīts k/d 2395 personālsastāva sarakstos),"Piemiņas siena ar kutera bareljefu, piemineklis ar ordeņa bareljefu un metāla burtiem, pakājē - enkurs",1976.05.28.,56.51361626116893,20.997769832611088,1,/,0,2022-05-16T02:13:03.128031
163,Limbažu novads,Katvaru pagasts,pie Pociema pamatskolas,Piemineklis Katvaru ciema iedzīvotājiem,1941. - 1945. g.,Ierīkota piemiņas vieta par padomju varu kritušajiem Katvaru ciema iedzīvotājiem,Piemiņas akmens,10. gs. 80. g.,57.595253222265114,24.848005771636966,1,/,0,2022-05-16T02:13:03.128031
164,Limbažu novads,Limbažu pagasts,"pie bij. p/s ""Limbaži"" kantora",Piemineklis Limbažu ciema iedzīvotājiem,1941. -1945. g.,Ierīkota piemiņas vieta LTK kritušajiem Limbažu ciema iedzīvotājiem,Piemineklis,20.gs. 70. g.,57.50618736152797,24.710955619812015,1,/,0,2022-05-16T02:13:03.128031
165,Limbažu novads,Limbažu pilsēta,"Rīgas iela 28, pie Limbažu 1. vidusskolas (nojaukts)",SA Baltijas flotes jūrnieku piemiņas vieta,1941. g.,"Ierīkota piemiņas vieta SA Baltijas flotes jūrniekiem, kuri krita Limbažos 1941.07.04.","Laukakmens ar piemiņas plāksni, enkurs, betona stēla. Arhitekts J. Pētersons",1975.05.08.,57.50744957296517,24.71370220184326,0,/,0,2022-05-16T02:13:03.128031
166,Limbažu novads,Limbažu pilsēta,"Jūras iela 56, Limbažu Pilsētas kapsētā",Piemineklis SA karavīriem (latviešu sarkanajiem strēlniekiem),1919. g.,Ierīkota piemiņas vieta latviešu sarkanajiem strēlniekiem pie iespējamās apbedījumu vietas,Bronzas figūra uz granīta bloku postamenta. Tēlnieks V. Rapiķis,1975.11.06.,57.50497121697538,24.690667390823364,1,/,0,2022-05-16T02:13:03.128031
167,Limbažu novads,Pāles pagasts,"Pālē, pie Pāles pamatskolas",Ārciema ciema iedzīvotāju piemiņas vieta,1941. - 1945. g.,Ierīkota piemiņas vieta LTK kritušajiem un koncentrācijas nometnēs Ārciema ciema iedzīvotājiem,Divi granīta pieminekļi ar personu vārdiem,20. gs. 70. g.,57.69683205237095,24.675260782241825,1,/,0,2022-05-16T02:13:03.128031
168,Limbažu novads,Umurgas pagasts,pie Umurgas luterāņu baznīcas,Piemineklis Umurgas ciema iedzīvotājiem,1941. -1945. g.,Ierīkota piemiņas vieta LTK kritušajiem Umurgas ciema iedzīvotājiem,Piemineklis uz terases (iespējams izmantots bij. SA karavīru kapu (1959. g. Umurgās c.p. pie Paegļu mājām piemineklis),20. gs. 60. - 70. g.,57.51997134186136,24.810304641723636,1,/,0,2022-05-16T02:13:03.128031
169,Limbažu novads,Vidrižu pagasts,pie bij. VIdrižu ciema padomes ēkas,Piemineklis Vidrižu ciema iedzīvotājiem,1941. - 1945. g.,Ierīkota piemiānas vieta LTK kritušajiem Vidrižu ciema iedzīvotājiem (17 uzvārdi),Piemiņas akmens,20. gs. 70. g.,57.34591341392282,24.661045074462894,1,/,0,2022-05-16T02:13:03.128031
170,Limbažu novads,Viļķenes pagasts,Viļķenē,Piemiņas vieta 2PK kritušajiem viļķeniešiem,1941. - 1945. g.,Ierīkota piemiņas vieta LTK laikā SA kritušajiem Viļķenes iedzīvotājiem,Piemiņas ansamblis,1981. g.,57.6052009,24.6039533,1,/,0,2022-05-16T02:13:03.128031
171,Līvānu novads,Līvānu pilsēta,Rīgas ielā,SA karavīru piemiņas vieta,1944. g.,Ierīkota piemiņas vieta SA 2. Baltijas frontes vienību un daļu karavīriem - Līvānu atbrīvotājiem no vācu fašistiskajiem iebrucējiem 1944.08.01.,Laukakmens ar iekaltu tekstu latv. un krievu val.,1984.07.,56.3532782,26.1728753,1,/,0,2022-05-16T02:13:03.128031
172,Līvānu novads,Rožupes pagasts,pie Rožupes ciema padomes,Rožupes ciema iedzīvotāju piemiņas vieta,1941. - 1945.,Ierīkota piemiņas zīme LTK kritušajiem un nacionālistu nogalinātajiem ciema iedzīvotājiem (minēts 31 vārds),Piemineklis (J. Ozoliņš),1969. g.,56.3659865,26.3487108,1,/,0,2022-05-16T02:13:03.128031
173,Līvānu novads,Rudzātu pagasts,"Steķos, ceļu Līvāni - Preiļi - Madona krustojumā",SA piemiņas vieta,1944. g.,"Piemiņas zīme par pieminekļa celtniecību SA karavīriem, kuri atbrīvojuši Preiļu rajonu 1944. g.",Silikātķieģeļu mūra stēla ar koka plāksni,20. gs. 70. g.,56.4373514,26.4652118,1,/,0,2022-05-16T02:13:03.128031
174,Lubānas novads,Indrānu pagasts,Liedeskrogs,Piemiņas vieta SA karavīriem,1944.08.07.,Šajā vietā 1944.08.07. zvēriski nomocīti 6 SA 22. gvardes brīvprātīgoSibīrijas Rīgas strēlnieku divīzijas karavīri,Betona stēla ar balta marmora plāksni ar vārdiem,1966. g.,56.94755116995549,26.565713882446293,1,/,0,2022-05-19T09:20:38.170Z
175,Lubānas novads,Indrānu pagasts,pie Indrānu pagasta tautas nama,Piemiņas vieta Indrānu ciema iedzīvotājiem,1941. - 1945. g.,Ierīkota piemiņas vieta LTK kritušajiem Indrānu ciema iedzīvotājiem,Betona stēla ar balta marmora plāksni ar vārdiem,1992.07.25.,56.93106809627195,26.634850502014164,1,/,0,2022-05-19T09:20:47.483Z
176,Lubānas novads,Indrānu pagasts,Pededzes mežn. 176. kv.,SAP nometnes vieta,1943. - 1944. g.,1943. - 1944. g. atradās SA 2. Latvijas partizāņu brigādes nometne,,,56.92643217108922,26.64570808410645,1,/,0,2022-05-19T09:20:58.822Z
177,Lubānas novads,Indrānu pagasts,Lubānas mežn. 915. kv.,SAP nometnes vieta,1943. - 1944. g.,1943. - 1944. g. atradās SA 2. Latvijas partizāņu brigādes 1. vienības nometne,,,56.92643208279682,26.639099121093754,1,/,0,2022-05-19T09:20:59.522Z
178,Lubānas novads,Lubānas pilsēta,"Lubāna, Krasta iela 6",Rakstnieka O. Rihtera piemiņas vieta,1998. - 1938. g.,Lubānā mācījies rakstnieks un padomju militārais darbinieks O. Rihters,Laukakmens ar iekaltu tekstu,1970. g. (tēlniece B. Grīsle),56.90010163372368,26.71480178833008,1,/,0,2022-05-19T09:19:48.470Z
179,Lubānas novads,Lubānas pilsēta,"Lubāna, Krasta iela 6",Padomju militārā darbinieka H. Zvejnieka piemiņas vieta,1877. - 1919. g.,Lubānā mācījies padomju militārais darbinieks Heinrihs Zvejnieks (1877. - 1919.),Piemineklis,1988.09.01.,56.900078175537764,26.711711883544925,1,/,0,2022-05-19T09:19:59.139Z
180,Ludzas novads,Briģu pagasts,Briģos,Briģu ciema iedzīvotāju piemiņas vieta,1941. - 1945. g.,Ierīkota piemiņas vieta LTK kritušajiem Briģu ciema iedzīvotājiem,5 betona stēlas un divas marmora plāksnes ar vārdiem,1975.05.09.,56.42294536110213,28.055992126464847,1,/,0,2022-05-16T02:13:03.128031
181,Ludzas novads,Cirmas pag.,Cirmā,Cirmas ciema iedzīvotāju piemiņas vieta,1941. - 1945. g.,Ierīkota piemiņas vieta LTK kritušajiem 24 Cirmas ciema iedzīvotājiem,Betona piemineklis ar 3 piemiņas plāksnēm ar vārdiem,20. gs. 60. - 70. g.,56.5198763,27.5902445,1,/,0,2022-05-16T02:13:03.128031
182,Ludzas novads,Ludzas pilsēta,skvērā pretim bij. Ļeņina ielas 135. namam,Ludzas iedzīvotāju piemiņas vieta,1941. - 1945. g.,Ierīkota piemiņas vieta LTK kritušajiem Ludzas iedzīvotājiem,Piemineklis un stēla ar piemiņas plāksnēm ar vārdiem,1977.06.11.,56.54282924105412,27.71773338317871,1,/,0,2022-05-16T02:13:03.128031
183,Ludzas novads,Ludzas pilsēta,bij. Ļeņina ielas un Gagarina ielas krustojumā,Piemiņas vieta SA karavīriem,1975. 05.,"Ierīkota piemiņas vieta SA 2. Baltijas frontes daļām, kas 1944. g. jūlijā atbrīvoja Ludzas rajonu: 10. gvardes un 3. triecienarmija","Obeliska veida betona obelisks ar aploci, uz kuras izvietotas metāla piemiņas plāksnes",1975.05.,56.543234,27.7124815,1,/,0,2022-05-16T02:13:03.128031
184,Ludzas novads,Nirzas pagasts,"pie bij. p/s ""Nirza""kantora",Piemiņas vieta Nirzas ciema iedzīvotājiem,1941. -1945.,Ierīkota piemiņas vieta LTK kritušajiem Nitrzas ciema iedzīvotājiem,Betona divdaļīga stēla ar 2 piemiņas plāksnēm,20. gs. 60. - 70. g.,56.40848819903932,27.93256759643555,1,/,0,2022-05-16T02:13:03.128031
185,Ludzas novads,Pildas pagasts,pie Pildas skolas,Piemiņas vieta Pildas ciema iedzīvotājiem,1941. - 1945. g.,Ierīkota piemiņas vieta LTK kritušajiem Pildas ciema iedzīvotājiem,Betona apgriezta obeliska veida piemineklis arliektas trapeces formas aploci,1974.05.08.,56.3653003,27.7765859,1,/,0,2022-05-16T02:13:03.128031
186,Ludzas novads,Pureņu pagasts,Kiudalovā,Piemiņas vieta Pureņu pagasta iedzīvotājiem,1941. - 1945. g.,Iekārtota piemiņas vieta LTK kritušajiem Pureņu pagasta iedzīvotājiem,Piemineklis,20. gs. 80. g.,56.4611519,27.6375069,1,/,0,2022-05-16T02:13:03.128031
187,Ludzas novads,Rundēnu pagasts,Rundēnos,Piemiņas vieta Rundēnu ciema iedzīvotājiem,1941. - 1945. g.,Ierīkota piemiņas vieta LTK kritušajiem Rundēnu ciema iedzīvotājiem,,20. gs. 70. g.,56.27490984718792,27.829570770263672,1,/,0,2022-05-16T02:13:03.128031
188,Ludzas novads,Rundēnu pagasts,Sūnupļavas augstienē,Kaujas vieta,1944. g.,18. - 19.07.1944. kaujā krita SA 375. strēlnieku pulka izlūku grupas 8 karavīri,Piemineklis,20. gs. 60. g.,56.2706759,27.784205,1,/,0,2022-05-16T02:13:03.128031
189,Ludzas novads,Rundēnu pagasts,pie Bižu ezera,Kaujas vieta,1942. g.,"04.05.1942. kaujā krita SAP izlūkvienības ""Uzvara"" 6 partizāņi",Piemiņas plāksne,20. gs. 60. g.,56.257869767661866,27.731595039367676,1,/,0,2022-05-16T02:13:03.128031
190,Ludzas novads,Rundēnu pagasts,Kļeščova,SAP kaujas vieta,1942.05.04.,"Šajā vietā no ielenkuma izlauzās SAP izlūkvienības ""Uzvara"" partizāņi. Kaujā krita 5 SAP (vārdi zināmi)",Granīta stēla,1963.11.03.,56.25646332422167,27.742710113525394,1,/,0,2022-05-16T02:13:03.128031
191,Madonas novads,Barkavas pagasts,"Aiviekstes krastā, pie Madonas - Varakļānu ceļa",Kaujas vieta,1944. g.,10.-13.08.1944. SA 341. gvardes strēlnieku pulks forsēja Aivieksti,Piemineklis,1964.08.12.,56.7383899,26.5927032,1,/,0,2022-05-16T02:13:03.128031
192,Madonas novads,Kalsnavas pagasts,Ķeķeļu purvā,Piemiņas vieta SA karavīriem,1941.07.01.,"Šajā vietā 1970. g. atrada 1941.07.01. bojā gājušo SA kara lidotāju vec.leitn. A. Gerasimova, j. leitn. B. Ribakova un j. serž. N. Tarbejeva mirstīgās atliekas, pārapbedīti uz SA",Kalsnavas brāļu kapiem. Lidmašīnas aste,1971.05.09.,56.7207024,25.9385059,1,/,0,2022-05-16T02:13:03.128031
193,Madonas novads,Ļaudonas pagasts,Sāvienā,Piemiņas vieta Sāvienas ciema iedzīvotājiem un fašisma terora upuriem,1941. - 1945. g.,Piemineklis LTK kritušajiem Ļaudonas ciema iedzīvotājiem un fašisma terora upuriem,Ķieģeļu mūra stēla ar balta marmora plāksni,20. gs. 60. g.,56.669082252332025,26.10639095306397,1,/,0,2022-05-19T09:22:49.095Z
194,Madonas novads,Madonas pilsēta,bij. Gogoļa un Ivasika ielu krustojumā,PSV M. Ivasika piemiņas vieta,1944. g.,Ierīkota piemiņas vieta PSV M. Ivasikam (1917. - 1944.) viņa vārdā nosauktās ielas sākumā. M. Ivasiks kritis Madonas apkaimē 1944.08.15.,dolomīta mūra siena ar melna granīta piemiņas plāksni,20. gs. 70. g.,56.85110533247994,26.228013038635257,1,/,0,2022-05-19T09:26:41.211Z
195,Madonas novads,Madonas pilsēta,"bij. Jakuņina ielā, skvērā",SA karavīru piemiņas vieta,1944. g.,"Ierīkota piemiņas vieta SA 2. Baltijas frontes karavīriem, kuri cīnījās Madonas rajonā 1944. g. jūlijā - septembrī",Laukakmens piemineklis ar iekaltu tekstu,1974. g.,56.8534363,26.2250202,1,/,0,2022-05-16T02:13:03.128031
196,Madonas novads,Ošupes pagasts,Gaigaliešos,SA karavīru piemiņas vieta,1944.08.,"Pie Gaigaliešiem 1944. g. augustā, aizstāvot divīzijas štābu, krita 20 SA 88. gvardes strēlnieku divīzijas karavīri",Piemineklis ( 3-stūra tērauda obelisks uz dolomīta mūra pamatnes),1970. g.,56.805284,26.7641915,1,/,0,2022-05-16T02:13:03.128031
197,Mazsalacas novads,Mazsalacas pilsēta ar lauku teritoriju,"Mazsalaca, bij. P.Birzgaļa iela 1",SA karavīru F.Gluhovska un E.Liepiņa nošaušanas vieta,1919. g.,,?,,57.86612307470724,25.05466461181641,1,/,0,2022-05-16T02:13:03.128031
198,Mazsalacas novads,Skaņkalnes pagasts,Mazsalacas mežn. 139. kv.,SA karavīra izlūka B.Slosmaņa bojā ejas vieta,1942. g.,,?,,57.85498194832166,25.038099288940433,1,/,0,2022-05-16T02:13:03.128031
199,Neretas novads,Mazzalves pagasts,pie Mazzalves pag. padomes ēkas,Piemineklis pagasta iedzīvotājiem,1941. -1945.,,Piemiņas akmens (tēln. Aže),1967. g.,56.36837585098602,25.0189483165741,1,/,0,2022-05-16T02:13:03.128031
200,Ņukšu pagasts,Ņukšu pagasts,"Ņukšos, pie bij. Ciema IK ēkas",Piemiņas vieta Ņukšu ciema iedzīvotājiem,1941. - 1945. g.,Ierīkota piemiņas vieta LTK kritušajiem Ņukšu ciema iedzīvotājiem,"Divdaļīga leņķveida ķieģeļu mūra siena arcentrālajām kāpnēm pa vidu, 2 piemiņas plāksnes ar vārdiem",20. gs. 60. - 70. g.,56.4335479,27.7151295,1,/,0,2022-05-16T02:13:03.128031
201,Ogres novads,Lauberes pagasts,pie Lauberes pamatskolas,SA karavīru piemiņas vieta,1944. g.,"Ierīkota piemiņas vieta SA karavīriem, kas ieņēma Lauberi 1944. g. septembrī",Piemiņas akmens,20. gs. 70. g.,56.85734917651504,25.019109249114994,1,/,0,2022-05-16T02:13:03.128031
202,Ogres novads,Mazozolu pagasts,Līčupē? Mazozolu ciema centrā,SA karavīru piemiņas vieta,1944. g.,"Ierīkota piemiņas vieta Mazozolu ciema ""atbrīvotājiem"" 1944.g. - SA karavīriem",Piemiņas akmens,20. gs. 70. g.,56.924532,25.4533089,1,/,0,2022-05-16T02:13:03.128031
203,Ogres novads,Ogres pilsēta,pie bij. universālveikala,SA karavīru piemiņas vieta,1944. g.,"Ierīkota piemiņas vieta SA karavīriem - Ogres ""atbrīvotājiem"" 1944.10.08.",Piemiņas akmens ar iekalktu tekstu,1974.10.08.,56.8104802,24.6057779,1,/,0,2022-05-16T02:13:03.128031
204,Ogres novads,Suntažu pagasts,"1,5 km no Glāzniekiem",SAP M. Rudzīša piemiņas vieta,1943. g.,"Kaujā pie Glāzniekiem 1943.05. krita SAP Mārtiņš Rudzītis, pārapbedīts uz Rīgas Brāļu kapiem","Piemiņas plāksne, piemineklis (tēlnieks J. Karlovs, arhit. K.Alksnis)","1965., 1981.11.",56.90075381840631,24.927463531494144,1,/,0,2022-05-16T02:13:03.128031
205,Ogres novads,Taurupes pagasts,"Taurupē, skolas parkā",Ciema iedzīvotāju piemiņas vieta,1941. - 1945. g.,Ierīkota piemiņas vieta LTK kritušajiem Taurupes ciema iedzīvotājiem (7 vārdi un zvārdi),Betona obelisks ar piemiņas plāksni,20. gs. 60. - 70. g.,56.9091364,25.3186828,1,/,0,2022-05-16T02:13:03.128031
206,Olaines novads,Olaines pagasts,"Rīgas - Jelgavas šosejas malā, pie Baložu stacijas",Kaujas vieta,1944. g.,,?,,56.78216898830083,23.946933746337894,1,/,0,2022-05-16T02:13:03.128031
207,Pāvilostas novads,Sakas pagasts,Liepājas - Ventspils ceļa 32. km,SAP kaujas vieta,1944. g.,Šeit 1943.09.23. notika kauja starp SAP Macpāna partizāņu grupu un VA karavīriem,,,56.86061037871009,21.2160587310791,1,/,0,2022-05-16T02:13:03.128031
208,Pāvilostas novads,Vērgales pagasts,Vērgalē,Vērgales iedzīvotāju piemiņas vieta,"1905., 1941. - 1945. g.",Izveidota piemiņas vieta 1905. g. nošautajiem un 2PK SA kritušajiem vērgalniekiem,Piemiņas akmens,1983. g.,56.7198267,21.1567055,1,/,0,2022-05-16T02:13:03.128031
209,Pļaviņu novads,Aiviekstes pagasts,Krievciemā (iesp. Madonas raj.),SA kaujas vieta,1944. g.,"Ierīkota piemiņas vieta SA 341. gvardes strēlnieku pulkam, kas šajā vietā 1944.08.10. forsēja Aiviekste",Skārda plāksne pie koka staba,20. gs. 60. g.,56.630145806499485,25.94902038574219,1,/,0,2022-05-16T02:13:03.128031
210,Pļaviņu novads,Aiviekstes pagasts,Aiviekstes upes lb. krastā pretī Vēveru mājām,SA 130.latviešu strēlnieku korpusa kaujas vieta,1944. g.,,?,,56.61477156378848,25.83795547485352,1,/,0,2022-05-16T02:13:03.128031
211,Pļaviņu novads,Pļaviņu pilsēta,"starp Krievciemu un Ūdru salu, pretī Vēveriem",SA 130.latviešu strēlnieku korpusa kaujas vieta,1944.,,?,20.gs. 70.g.,56.6140147,25.7253277,1,/,0,2022-05-16T02:13:03.128031
212,Pļaviņu novads,Vietalvas pagasts,pie bij.Vietalvas luterāņu baznīcas,SA 130.latv.strēlnieku korpusa kauju vieta,1944. g.,,?,,56.75016,25.7298615,1,/,0,2022-05-16T02:13:03.128031
213,Priekules novads,Bunkas pagasts,pie Bunkas baznīcas,Piemiņas vieta Vācijas armijas kapitulācijai 2 PK.,1945. g.,"Piemiņas vieta izveidota pie Bunkas baznīcas drupām, kur Vācijas armijas karavīri nolika ieročus.",Piemiņas ansamblis (autors A. Dzenis),1985. g.,56.500502267232136,21.49904251098633,1,/,0,2022-05-16T02:13:03.128031
214,Priekules novads,Kalētu pagasts,pie Meiriem,SA karavīru piemiņas vieta,1944. g.,Piemiņas akmens uzstādīts pāapbedīto 1944. - 1945. g. kritušo SA karavīru brāļu kapu vietā.,Piemiņas akmens,1988.05.09.,56.353921732546816,21.50647759437561,1,/,0,2022-05-16T02:13:03.128031
215,Priekuļu novads,Liepas pagasts,Lodē,SA karavīru un ciema iedzīvotāju piemiņas vieta,1951. - 1944. g.,"Ierīkota piemiņas vieta varoņiem, kas krituši par Liepas ciema atbrīvošanu 1941. - 1945. g.",Piemineklis,20. gs. 70. g.,57.38786483587483,25.412621498107914,1,/,0,2022-05-16T02:13:03.128031
216,Rēzekne,,Rēzeknē,Piemineklis cīnītājiem par padomju varu,1917. - 1919. g.,Ierīkota piemiņas vieta cīnītājiem par padomju varu Rēzēknē 1917. - 1919. g.,"Vara kaluma piemineklis (tēlnieks I. Folkmanis, arhiteks? M. Ģēģeris)",1987.11.05.,56.50534579642409,27.32505798339844,1,/,0,2022-05-16T02:13:03.128031
217,Rēzekne,,Atbrīvošanas alejas un Latgales ielu krustojumā (bij. Komjaunatnes parks),SA karavīru piemiņas vieta,1944. g.,"Ierīkota piemiņas vieta SA 2. Baltijas frontes un 10. gvardes armijas 78., 119. strēlnieku divīziju klaravīriem, kuri 1944.07.27. ieņēma Rēzekni/ Rēzeknes KVO","Laukakmens ar tekstu (arhit. R.Laviņš)/ Vara kaluma figurāls piemineklis(stilizēts ""Aļoša"") ar vara kaluma bareljefiem uz pamatnes un piemiņas guļplāksni (tēlnieki O. Siliņš, O. Kalējs, arhitekts E. Salguss)",1969.07.27. / 1974.07.26.,56.50037495341388,27.328459024429325,1,/,0,2022-05-16T02:13:03.128031
218,Rēzekne,,Atbrīvošanas aleja (bij. Ļeņina ielā) 56,Kaujas vieta,1920. g.,1920.01.20. kaujā krita 16 SA ķīniešu brīvprātīgie,Piemiņas plāksne,1961. g.,56.498488882366296,27.326624393463135,1,/,0,2022-05-16T02:13:03.128031
219,Rēzekne,,Atmodas (bij. L. Samuilovas) iela,Koncentrācijas nometnes vieta,1943. - 1944. g.,"1941. - 1944. g. atradās SA karagūstekņu nometne ""Stalag”","Piemineklis - betona stēla, uzstādīta vietā kur bijusi Karagūstekņu apbedījuma vieta (35429 mirušie?). 1959. g. obelisks, pēc tam pārapbedīti.??",1974.07.27.,56.524169287208174,27.349852323532108,1,/,0,2022-05-16T02:13:03.128031
220,Rēzeknes novads,Dricānu pagasts,Saukavīšos,Piemiņas vieta Otrā Pasaules kara upuriem,1941. - 1945. g.,"Saukavīšu priedēs, 1945. g. aprīlī Beļevičos nošauto piemiņas vietas ansamblis",?,,56.6636219,27.1980834,1,/,0,2022-05-16T02:13:03.128031
221,Rēzeknes novads,Dricānu pagasts,Medņos,Piemiņas vieta Otrā Pasaules kara upuriem,1941. - 1945. g.,,?,,56.6636219,27.1980834,1,/,0,2022-05-16T02:13:03.128031
222,Rēzeknes novads,Kaunatas pagasts,pie Kaunatas vidusskolas,Piemiņas vieta Kaunatas ciema iedzīvotājiem,1941. - 1945. g.,Ierīkota piemiņas vieta LTK kritušajiem Kaunatas ciema iedzīvotājiem,"4 neregulāras formas granīta stēlas, no tām trīs ar vārdiem",20. gs. 80.g.,56.33162359639994,27.541630268096927,1,/,0,2022-05-16T02:13:03.128031
223,Rēzeknes novads,Mākoņkalna pagasts,pie Mākoņkalna skolas,Piemiņas vieta Mākoņkalna ciema iedzīvotājiem,1941. - 1945. g.,Ierīkota piemiņas vieta LTK kritušajiem Mākoņkalna ciema iedzīvotājoem,Divas slīpi novietotas betona pusaploces ar piemiņas akmeni ar vārdiem (arhitekts L. Saprovskis),1977.05.07.,56.2759749,27.3772899,1,/,0,2022-05-16T02:13:03.128031
224,Rēzeknes novads,Maltas pagasts,"Maltā, 1. Maija ielā 76.",Karagūstekņu nometnes vieta,1941. - 1944. g.,"Bijusī karagūstekņu nometnes vieta, kur 1941. - 1944. g. nomocīti ~ 400 SA karagūstekņi",Piemiņas akmens,,56.3068709,27.1976383,1,/,0,2022-05-16T02:13:03.128031
225,Rēzeknes novads,Nautrēnu pagasts,Dekteros,Piemiņas vieta Miglinieku ciema iedzīvotājiem,1941. - 1945. g.,Ierīkota piemiņas vieta LTK kritušajiem Miglinieku ciema iedzīvotājiem,Dolomīta siena ar piemiāns plāksnēm ar vārdiem un 3 betona stēlas,1975.05.,56.73935631374206,27.451229095458988,1,/,0,2022-05-16T02:13:03.128031
226,Rēzeknes novads,Nautrēnu pagasts,Rogovkā,Piemiņas vieta Nautrēnu ciema iedzīvotājiem,1941. - 1945. g.,Ierīkota piemiņas vieta LTK kritušajiem Nautrēnu ciema iedzīvotājiem,Ķieģeļu mūra siena ar 4 piemiņas plāksnēm ar vārdiem,1975.05.,56.71053615360101,27.411403656005863,1,/,0,2022-05-16T02:13:03.128031
227,Rēzeknes novads,Nautrēnu pagasts,Dekteros,Dekteru iedzīvotāju piemiņas vieta,19. - 20. gs.,"Ierīkota piemiņas vieta Dekteru ciema iedzīvotājiem bijušā ciema krusta vietā, kur 1975. g. uzstādīts piemineklis 2PK SA kritušajiem Miglinieku ciema iedzīvotājiem, blakus 1993. g. blakus uzstādīts jauns ciema krusts.","Piemiņas plāksne, betona obeliski un siena , krucifikss (h~ 4.5 m)","1975., 1993. g.",56.74312202255607,27.456035614013675,1,/,0,2022-05-16T02:13:03.128031
228,Rēzeknes novads,Rēzeknes novads,"Ozolainē, pie bij. Matrosova v.n. kolhoza kantora",PSV A. Matrosova piemiņas vieta,1941. - 1945. g.,Ierīkota piemiņas vieta PSV A. Matrosovam (1924. - 1943.),Granīta krūšutēls uz pamatnes,1967. g.,56.5009955,27.2229564,1,/,0,2022-05-16T02:13:03.128031
229,Rēzeknes novads,Rikavas pagasts,pie bij. Asniņiem,SAP kaujas vieta,1944.03.23.,Šajā vietā atradās Asniņu mājas kur gāja bojā 12 SAP,Piemineklis - stēla ar 12 uzvārdiem ar metāla sētiņu norobržotā laukumā,,56.6289649,26.9945516,1,/,0,2022-05-16T02:13:03.128031
230,Rēzeknes novads,Stoļerovas pagasts,"Stoļerovā, pie 2PK SA karavīru brāļu kapiem",Piemiņas vieta Stoļerovas ciema iedzīvotājiem,1941. - 1945. g.,Ierīkota piemiņas vieta LTK kritušajiem Stoļerovas ciema iedzīvotājiem,Laukakmens piemineklis un 2 trapecveida granīta stēlas ar vārdiem. Teksts saskaņots 1985.g. pēc pieminekļa atklāšanas.,1983. g.,56.4182149,27.5750421,1,/,0,2022-05-16T02:13:03.128031
231,Riebiņu novads,Rušonas pagasts,Rušona,Rušonas ciema iedzīvotāju piemiņas vieta,1941. - 1945. g.,Ierīkota piemiņas vieta LTK kritušajiem Rušonas ciema iedzīvotājiem (27 vārdi),"Piemineklis - obelisks ar piemiņas plāksni (k-zs ""Uzvara"")",1966.11.6.,56.2199189,26.9488729,1,/,0,2022-05-16T02:13:03.128031
232,Riebiņu novads,Sīļukalna pagasts,"Sīļukalnā, pie bij. ciema padomes",Sīļukalna ciema iedzīvotāju piemiņas vieta,1941. - 1945. g.,Ierīkota piemiņas vieta LTK kritušajiem Sīļukalna ciema iedzīvotājiem,Piemineklis - obelisks,20. gs. 60. - 80. g.,56.51670020307458,26.756687164306644,1,/,0,2022-05-16T02:13:03.128031
233,Rīga,,Rīgas - Bauskas šosejas 8. km,Piemineklis SA karavīriem,1944. g.,"No šīs vietas 22., 29., 30., 65., un 85. Sarkanās (Padomju) armijas strēlnieku gvardes divīzijas uzsāka triecienuzbrukumu un 1944. g. 15. okt. atbrīvoja Pārdaugavu.",Piemineklis,1965.10.13.,56.9010116100038,24.133422374725345,1,/,0,2022-05-16T02:13:03.128031
234,Rīga,,Rīgas - Jelgavas šosejas malā. pie dzc.pārbrauktuves,Piemineklis SA karavīriem,1944. g.,"šai vietā 1944.g. 14. okt. Sarkanās (Padomju) armijas 7. gvardes un 130. latviešu strēlnieku korpusu daļas nokļuva fašistisko karapulku aizmugurē, tā paātrinot Rīgas atbrīvošanu.",Piemineklis,1965.10.13.,56.89103846546573,24.07578706741333,1,/,0,2022-05-16T02:13:03.128031
235,Rīga,,"Kultūras un atpūtas parkā, Ķīšezera krastā",Piemineklis SA karavīriem,1944. g.,12.10. 1944. SA 374. strēlneiku divīzija forsēja Ķīšezeru un sāka Rīgas atbrīvošānu no vācu fašistiskajiem iebrucējiem.,Piemineklis,,57.009968084398935,24.15475130081177,1,/,0,2022-05-16T02:13:03.128031
236,Rīga,,Jaunciema gatve 99,Piemiņas akmens SA karavīriem,12.10.1944.,,Piemiņas plāksne,1974. g.,57.03740846815879,24.17702436447144,1,/,0,2022-05-16T02:13:03.128031
237,Rīga,,Vērdiņu ielā 6,Piemineklis SA lidotājiem,1941. - 1944. g.,Piemineklis SA F. Džeržinska v. n. 15. iznīcinātāju aviopulka lidotājiem,Piemineklis,1977.11.,56.96395902630881,24.052269458770756,1,/,0,2022-05-16T02:13:03.128031
238,Rīga,,Brīvības iela 201(bij. RVR centrālajā alejā),"Piemineklis RVR strādniekiem. Bij. rūpnīca ""Fenikss""","1941. - 1945. g., 19. gs.","Piemineklis RVR strādniekiem, kas krituši SA pusē 2. Pasaules karā (Lielajā Tēvijas karā)",Piemineklis,,56.9721788914548,24.161408543586735,1,/,0,2022-05-16T02:13:03.128031
239,Rīga,,Bolderājā,Piemineklis SA Baltijas flotes zemūdeņu jūrniekiem,1941. - 1944. g.,"Piemineklis un piemiņas plāksne SA Baltijas flotes zemūdeņu jūrniekiem, kuri krituši Lielajā Tēvijas karā","Piemineklis un piemiņas plāksne ar 9 portretiem. I. Švedovs, A.Zimcovs.",1970.,57.02709223230544,24.05765533447266,1,/,0,2022-05-16T02:13:03.128031
240,Rīga,,Esplanāde,KP funkcionāra J. Fabriciusa piemineklis,20. gs.,KP funkcionāra un SA militārā darbinieka Jāņa Fabriciusa (1877. - 1929.) piemineklis,"Piemineklis. Tēln. V. Zēvalde, arhit. G. Asaris",1972. g.,56.954365428564756,24.114013910293583,1,/,0,2022-05-16T02:13:03.128031
241,Rīga,,Bolderājā,Piemineklis SA Baltijas flotes torpēdkuteru jūrniekiem,1941. - 1944. g.,"Piemineklis SA Baltijas flotes torpēdkuteru jūrniekiem, kuri krituši Lielajā Tēvijas karā","Piemineklis. I. Švedovs, A.Zimcovs.",1972.12.30.,57.024476229012386,24.048728942871094,1,/,0,2022-05-16T02:13:03.128031
242,Rīga,,Rātslaukums,Piemineklis latviešu sarkanajiem strēlniekiem,20. gs.,Piemineklis latviešu sarkanajiem strēlniekiem (1915. - 1920.?),Piemineklis,,56.946911136481134,24.105870723724365,1,/,0,2022-05-19T09:14:40.219Z
243,Rīga,,Bolderājā,Piemineklis SA Baltijas flotes jūrniekiem,1941. - 1944. g.,"Piemineklis SA Baltijas flotes jūrniekiem, kuri krituši Lielajā Tēvijas karā",Piemineklis,1970.11.,57.03157638106723,24.049072265625,1,/,0,2022-05-16T02:13:03.128031
244,Rīga,,Uzvaras parkā,Piemineklis SA karavīriem,1941. - 1945. g.,Piemineklis Padomju Armijas karavīriem - Padomju Latvijas un Rīgas atbrīvotājiem no vācu fašistiskajiem iebrucējiem,"Piemineklis. Tēln. Ļ. Bukovskis, A. Gulbis, L. Kristovskis, mākslin. A. Bugajevs, arhit. E. Bāliņš, E. Vecumnieks, V.Zilgalvis",1985. g.,56.93674538673866,24.08580780029297,1,/,0,2022-05-16T02:13:03.128031
245,Rīga,,Āgenskalna iela 21a,Piemineklis SA medmāsai Z. Ozolai,20. gs. vidus,Piemineklis SA medmāsai Zentai Ozolai (1923. - 1942.),Piemineklis,,56.946732659884205,24.06305193901062,1,/,0,2022-05-16T02:13:03.128031
246,Rīga,,J. Asara iela 15,SA izlūka M. Pogas bojā ejas vieta,1942. g.,"""Šeit cīņā pret vācu fašistiskajiem okupantiem varoņa nāvē krita padomju izlūks Latvijas revolucionārās kustības dalībnieks Mārtiņš Poga (1909. - 1942.)",Piemiņas plāksne,~ 1982. g.,56.95675235927449,24.155330657958988,1,/,0,2022-05-16T02:13:03.128031
247,Rīga,,Lomonosova iela 1,Piemineklis KP funkcionāram J. Alksnim,20. gs. sāk.,Pie bij. Rīgas civilās aviācijas institūta uzstādīts piemineklis,SA kara aviācijas komisāram Jēkabam Alksnim (1897. - 1937.),Krūšutēls uz postamenta,56.939250503499395,24.15542721748352,1,/,0,2022-05-16T02:13:03.128031
248,Rīga,,Rīgas - Daugavpils šosejas 11. km,Piemineklis SA karavīriem,1944. g.,12. - 13.10.1944. SA 12. gvardes un 122. strēlnieku korpusa pulki uzsāka izsķirošo triecienu par Rīgas atbrīvošānu.,Piemineklis,,56.91406291306079,24.175758361816406,1,/,0,2022-05-16T02:13:03.128031
249,Rīga,,Brīvības iela 214 (VEF`a parkā),Piemineklis VEF strādniekiem,1941. - 1945. g.,"Piemineklis VEF strādniekiem, kas krituši SA pusē 2. Pasaules karā (Lielajā Tēvijas karā)",Piemineklis,,56.97071693492334,24.16000843048096,1,/,0,2022-05-16T02:13:03.128031
250,Rugāju novads,Medņevas pagasts,Medņevas - Baltinavas ceļa labajā pusē 1.km,SA partizāņu akcijas norises vieta,1944.06.,Atradusies VA municijas noliktava ar 42 t kara materiālu.,?,20.gs. 60. g.,57.1247804,27.5931059,1,/,0,2022-05-16T02:13:03.128031
251,Salacgrīvas novads,Ainažu pilsēta ar lauku teritoriju,Ainažos,Padomju aktīvistu piemiņas vieta,"1940. -1941., 1941. - 1945. g.","Ierīkota piemiņas vieta Ainažu iedzīvotājiem, kuri cīnījušies par padomju varu un krituši 2PK (LTK) SA",Piemiņas akmens (tēln. J. Umbraško),1988.09.06.,57.86148896762956,24.356904029846195,1,/,0,2022-05-16T02:13:03.128031
252,Salacgrīvas novads,Liepupes pagasts,pie Liepupes vidusskolas,Piemineklis Liepupes ciema iedzīvotājiem,1941. -1945. g.,Ierīkota piemiņas vieta LTK kritušajiem Liepupes ciema iedzīvotājiem,Piemineklis,20.gs. 70. g.,57.4676608468049,24.46311950683594,1,/,0,2022-05-16T02:13:03.128031
253,Salacgrīvas novads,Salacgrīvas pilsēta ar lauku teritoriju,"Salacgrīvas l.t., Vecsalacas parkā",Salacas ciema iedzīvotāju piemiņas vieta,1941. - 1945. g.,Ierīkota piemiņas vieta LTK kritušajiem Salacas ciema iedzīvotājiem,Laukaakmens ar iekaltu tekstu,1985.07.27.,57.74935847284373,24.349136352539066,1,/,0,2022-05-16T02:13:03.128031
254,Salas novads,Salas pagasts,Tīcānos,SAP un VA kaujas vieta,1943.09.14.,1943. septembrī pie Tīcāniem notika kauja starp SAP ( SAP kustības štāba desanta grupa Artura Novicka vadībā) un VA(fašistiem),Piemiņas akmens,1987.09.14.,56.45288661260487,25.731267929077152,1,/,0,2022-05-16T02:13:03.128031
255,Salas novads,Salas pagasts,"Mīnu kalniņš, Oškalnu mežniecības 118. kv.",SAP piemiņas vieta,1944. g.,"""Mīnu kalniņā"" atradās O. Oškalna partizāņu vienības štābs. 20. gs. 70. g. atjaunoti 3 zaru slieteņi.",3 norādes zīmes:,20. gs. 70. g.,56.453017,25.7270831,1,/,0,2022-05-16T02:13:03.128031
256,Salas novads,Sēlpils pagasts,"pie Ozolniekiem, mežā",Padomju aktīvistu piemiņas vieta,1944. g.,"Šajā vietā1944.06.27. krituši SAP nelegālā izdevuma ""Brīvā Daugava"" redaktors Jānis Jurušs un komjaunietis Ernests Rihters. Blakus SAP bunkurs.",Balta marmora piemiņas plāksne,1969. g.,56.5305184,25.6549505,1,/,0,2022-05-16T02:13:03.128031
257,Saldus novads,Ezeres pagasts,Ezeres vidusskola,SA sarkano latviešu strēlnieku piemiņas vieta,1919. g.,1919. g. javārī - februārī šeit atardās SA sarkano latviešu strēlnieku 3. pulka štābs,Piemiņas plāksne,?,56.40290802209951,22.362338304519653,1,/,0,2022-05-16T02:13:03.128031
258,Saldus novads,Nīgrandes pagasts,Ziedkalnos,Nīgrandes ciema iedzīvotāju piemiņas vieta,"1905., 1917., 1941. - 1945. g.",Ierīkota piemiņas vieta par padomju varu kritušajiem ciema iedzīvotājiem,Laukakmens ar metāla karoga formas plāksni,20. gs. 70. - 80. g.,56.454485,22.0745634,1,/,0,2022-05-16T02:13:03.128031
259,Saldus novads,Pampāļu pagasts,pie Zirnājiem,Kaujas vieta,1944. g.,23.11.1944. PSV Vasilijs Loskutovs (1918. - 1944.) atkārtoja Matrosova varoņdarbu,Piemiņas akmens,,56.537129987191264,22.207660675048828,1,/,0,2022-05-16T02:13:03.128031
260,Saldus novads,Pampāļu pagasts,pretīm Nīgrandes kaļķu ceplim,Kaujas vieta,1944. g.,21.11.1944. SA 357. Novgorodas Sarkankarogotās strēlnieku divīzijas karavīri forsēja Ventu,Piemiņas akmens,,56.540632271572754,22.20199584960938,1,/,0,2022-05-16T02:13:03.128031
261,Saldus novads,Pampāļu pagasts,pretīm Nīgrandes kaļķu ceplim,Kaujas vieta,1944. g.,21.11.1944. kaujā krita PSV Vasilijs Prohorovs (1902. - 1944.),Piemiņas akmens,,56.54499156536571,22.217273712158207,1,/,0,2022-05-16T02:13:03.128031
262,Saldus novads,Pampāļu pagasts,pie Pampāļu pamatskolas,Piemiņas vieta SA Panfilova 8. gvardes divīzijas karavīriem,1945.05.09.,Šeit 1945.05.09. beidza karot I.V. Panfilova v. n. 8. gvardes divīzija,Piemiņas akmens,20. gs. 70.- 80. g.,56.5399707339578,22.224998474121094,1,/,0,2022-05-16T02:13:03.128031
263,Sējas novads,,"Murjāņos, pie Murjāņu sporta skolas",Piemineklis PSV J.Reinbergam,1901. -1944. g.,Ierīkota piemiņas vieta PSV Jānim Reinbergam (1901. - 1944.),šūnakmens piemineklis ar vara kaluma bareljefu,20. gs. 70. g.,57.145582338805454,24.67737436294556,1,/,0,2022-05-16T02:13:03.128031
264,Siguldas novads,Siguldas pilsēta,"bij. I.Sudmaļa ielā, pie bij. Milicijas ēkas",Piemiņas akmens SA karavīram F.Mordašovam,1944. g.,"Ierīkota piemiņas vieta SA 212. strēlnieku divīzijas 669. strēlnieku pulka majoram Fjodoram Kirilovičam Mordašovam, kurš kritis kaujās pie Siguldas 1944.10.07. un pēc nāves apbalvots ar Ļeņina ordeni.",Piemiņas akmens,1975.05.08.,57.15206576454087,24.84469592571259,1,/,0,2022-05-16T02:13:03.128031
265,Siguldas novads,Siguldas pilsēta,pie Siguldas internātskolas,Piemineklis SA karavīriem,1944. g.,Ierīkota piemiņas vieta SA 12. gvardes strēlnieku divīzijas katravīriem,Piemiņas akmens,1976.05.22.,57.152350916067924,24.86137390136719,1,/,0,2022-05-16T02:13:03.128031
266,Skrundas novads,Nīkrāces pagasts,pie Līdumniekiem,SA karavīra PSV P.Kuprijanova bojā ejas vieta,1944. g.,Šajā vietā 1944.11.02. A. Matrosova varoņdarbu atkārtoja P. Kuprijanovs,"Piemineklis pārvests no 2PK SA karavīru kapsētas, kad tika būvēts jaunais piemineklis.",ap 1979. g.,56.5683725,21.9269539,1,/,0,2022-05-16T02:13:03.128031
267,Skrundas novads,Raņķu pagasts,pie bij. Raņķu c.p.,Raņķu ciema iedzīvotāju piemiņas vieta,1941. - 1945. g.,,Piemiņas akmens,20. gs. 60. - 70. g.,56.757371,21.9826234,1,/,0,2022-05-16T02:13:03.128031
268,Skrundas novads,Rudbāržu pagasts,Rudbāržos,Rudbāržu ciema iedzīvotāju piemiņas vieta,1941. - 1945. g.,Ierīkota piemiņas vieta 2PK SA kritušiem Rudbāržu ciema iedzīvotājiem,?,20. gs. 70. g.,56.6499265,21.8764609,1,/,0,2022-05-16T02:13:03.128031
269,Smiltenes novads,Palsmanes pagasts,Palsmanē,Piemineklis 2.PK kritušajiem pagasta iedzīvotājiem,1941. - 1945. g.,Ierīkota piemiņas vieta 2PK kritušajiem Palsmanes pagasta iedzīvotājiem,?,,57.3854339,26.1678774,1,/,0,2022-05-16T02:13:03.128031
270,Stopiņu novads,"Dreiliņos, pie Rīgas pilsētas robežas,",Rīgas - Lubānas šosejas kr. pusē,SA karavīru piemiņas vieta,1944.. g.,"Ierīkota piemiņas vieta SA 12. gvardes strēlnieku un 212. strēlnieku divīzijām, kuras 12.10.1944. sāka uzbrukumu Rīgai",melna granīta piemineklis - obelisks.,1965.05.08.,56.942258762473756,24.261760711669925,1,/,0,2022-05-16T02:13:03.128031
271,Talsu novads,Laucienes pagasts,Gudrājos,SAP Kretuļa vienības kaujas vieta,1919. g.,1919.05.13. notika SAP K. Kretuļa vienības kauja,"Bijusi koka piemiņas plāksne,",PZN- 1978. g.,57.2280995,22.7481,1,/,0,2022-05-16T02:13:03.128031
272,Talsu novads,Sabiles pilsēta,"Talsu ielā, pie bij. Sabiles IK",SA karavīru piemiņas vieta,1941. - 1945. g.,Ierīkota piemiņas vieta LTK laikā SA kritušajiem Sabiles iedzīvotājiem (17 vārdi un uzvārdi),Betona stēla ar kapara kaluma dekoratīvu plāksni un balta marmora piemiņas plāksni.,20. gs. 60. - 70. g.,57.04685812515504,22.574501037597656,1,/,0,2022-05-16T02:13:03.128031
273,Talsu novads,Strazdes pagasts,"~1,5 km uz ZR no Mazstrazdes",SAP kaujas vieta,1944. g.,"28.03.1944. kaujā krita KP funkcionārs, Ziemeļkurzemes pagrīdes antifašistiskās organizācijas vadītājs Kārlis Paldiņš (1911. - 1944.)",Šūnakmens piemineklis ar balta marmora piemiņas plāksni,20. gs. 60. - 70. g.,57.1373594,22.7563501,1,/,0,2022-05-16T02:13:03.128031
274,Talsu novads,Talsu pilsēta,bij. Komjaunatnes parkā,Talsu rajona komjauniešu pie miņas vieta,1941. - 1945. g.,"Ierīkota piemiņas vieta LTK kritušajiem Talsu rajona komjauniešiem. Pie piemiņas akmens urna ar zemi, kas atvesta no Igaunijas, Ļeņingradas, Narofominskas, Staraja Rusas un Monakovas brāļu kapiem.",Piemiņas akmens un dekoratīva urna ar plāksni,1968.10.,57.246351,22.58769,1,/,0,2022-05-16T02:13:03.128031
275,Talsu novads,Virbu pagasts,pie Zvirgzdiņiem,SAP Kretuļa vienības ieroču glabātuve,1919. g.,"Liels ozols ar dobumu, kur Kretuļa vadītie sarkanie partizāņi glabāja ieročus",Koka plāksne (fiksēta 1978. g.),20. gs. 70. g.,57.12988210280072,22.627329826354984,1,/,0,2022-05-16T02:13:03.128031
276,Talsu novads,Virbu pagasts,pie Zvirgzdiņiem,SAP Kretuļa vienības novērošanas punkts,1919. g.,"Mežā, kokiem apaugušā kalna galā liels laukakmens",Koka plāksne (fiksēta 1978. g.),20. gs. 70. g.,57.129998956377676,22.62243747711182,1,/,0,2022-05-16T02:13:03.128031
277,Tērvetes novads,Bukaišu pagasts,pie Bukaišu pamatskolas,Bukaišu ciema iedzīvotāju piemiņas vieta,1941. - 1945. g.,"Ierīkota piemiņas vieta Bukaišu ciema iedzīvotājiem: 8 (vārdi) 1940. - 1941. g. padomju aktīvistiem, 27 (vārdi) LTK kritušajiem",Betona stēla ar koka plāksni.,20. gs. 70. g.,56.411248303255405,23.212834596633915,1,/,0,2022-05-16T02:13:03.128031
278,Tukuma novads,Džūkstes pagasts,"pie bij. k-za ""Dzintarzeme"" kantora, bij. pienotavas, tagad PKS Pienava",Džūkstes ciema iedzīvotāju piemiņas vieta,1941. - 1945. g.,Piemiņas vieta 2PK kritušajiem (SA) Džūkstes iedzīvotājiem,Piemiņas akmens ar baltu marmora plāksni,20. gs. 70. g.,56.74164520360863,23.24545025825501,1,/,0,2022-05-16T02:13:03.128031
279,Tukuma novads,Jaunsātu pagasts,pie Ķintiem,SA / VA kauju vieta,,Pie Ķintiem 1945.05.08. notika SA 119. strēlnieku korpusa daļas izcīnīja pēdējo kauju Tukuma rajona atbrīvošanā,Piemiņas akmens,,56.9606139,22.9203833,1,/,0,2022-05-16T02:13:03.128031
280,Tukuma novads,Pūres pagasts,"Pūrē, pie bij. ciema IK ēkas",Piemiņas vieta 2PK bojā gājušiem pagasta iedzīvotājiem,1941. - 1945. g.,LTK gājuši bojā 8 ciema iedzīvotāji,Piemiņas akmens ar iekaltu tekstu un vārdiem,1980.08.,57.03788129996886,22.913532257080078,1,/,0,2022-05-16T02:13:03.128031
281,Tukuma novads,Tukuma pilsēta,bij. V. Prigova ielā 8,PSV O. Oškalna piemiņas vieta,1941. - 1945. g.,Ierīkota piemiņas vieta PSV Otomāram Oškalnam (1904. - 1947.),Piemiņas plāksne?,20. gs. 70. - 80. g.,56.96568444188245,23.154437541961673,1,/,0,2022-05-16T02:13:03.128031
282,Tukuma novads,Tukuma pilsēta,bij. V. Prigova ielā 10,PSV V. Prigova piemiņas vieta,1944. g.,Ierīkota piemiņas vieta PSV Vladimiram Prigovam (1924. - 1944.),Piemiņas plāksne?,20. gs. 70. - 80. g.,56.965567467080355,23.15175533294678,1,/,0,2022-05-16T02:13:03.128031
283,Tukuma novads,Tukuma pilsēta,"Mālkalnā, pie Jelgavas un Smārdes ielu krustojuma",SA karavīru piemiņas vieta,1944. - 1945. g.,"Ierīkota piemiņas vieta Tukuma rajona ""atbrīvotājiem"" - SA","Piemineklis - Vara kalums uz betona pamatnes ar piemiņas plāksni (tēlniece A. Dumpe, arhitekts L. Skuja)",1975.11.08.,56.959004592438305,23.17096531391144,1,/,0,2022-05-16T02:13:03.128031
284,Tukuma novads,Tukuma pilsēta,pie Tukma I stacijas,SA karavīru piemiņas vieta,1944. - 1945. g.,"Ierīkota piemiņas vieta Tukuma rajona ""atbrīvotājiem"" - SA. 1979. g. paredzēta nojaukt, sakarā ar jaunā pieminekļa celšanu",Betona piemiņas siena ar balta marmora plāksnēm,20. gs. 60. g.,56.965894995600706,23.16847085952759,1,/,0,2022-05-16T02:13:03.128031
285,Tukuma novads,Tukuma pilsēta,Raiņa iela 22,PSV V. Zimņagina piemiņas vieta,1945. g.,Ierīkota piemiņas vieta PSV Vasilijam Zimņaginam (1913. - 1945.),Piemiņas plāksne,20. gs. 70. - 80. g.,56.96790104496092,23.15130472183228,1,/,0,2022-05-16T02:13:03.128031
286,Vaiņodes novads,Vaiņodes pagasts,"Vaiņodē, Raiņa ielā, pretīm Vaiņodes vidusskolai",Vaiņodes komjauniešu piemiņas vieta,1941. - 1945. g.,"Ierīkota piemiņas vieta pirmajiem Vaiņodes komjauniešiem, kuri krituši vai gājuši bojā LTK: A. Sermolītis, Ē. Ernstsons, H. Jansone, Birka",Piemineklis,1978.09.29.,56.41784206428473,21.85309410095215,1,/,0,2022-05-16T02:13:03.128031
287,Vaiņodes novads,Vaiņodes pagasts,pie Gārņiem,PSV N. Gribanova piemiņas vieta,1944. g.,Ierīkota piemiņas vieta 1944.10. pie Grīņiem kritušajam (a`la Matrosov) PSV NIkolajam Gribanovam (1925. - 1944.),Laukakmens piemineklis ar iekaltu tekstu,1985.05.09.,56.4072269,21.8381198,1,/,0,2022-05-16T02:13:03.128031
288,Vaiņodes novads,Vaiņodes pagasts,pie Elkuzemes stacijas,PSV V. Maslova piemiņas vieta,1944. g.,Ierīkota piemiņas vieta 1944.10.08. pie Elkuzemes stacijas kritušajam PSV Vasilijam Maslovam (1924. - 1944.),Laukakmens piemineklis ar iekaltu tekstu,1985.05.09.,56.41119488378337,21.848630905151367,1,/,0,2022-05-16T02:13:03.128031
289,Vaiņodes novads,Vaiņodes pagasts,pie bij. r/a Daiļrade ceha,SA karavīru piemiņas vieta,1945.,Šajā vietā bombardēšanas laikā 1945.01.06. gāja bojā 42 SA sakaru dienesta karavīri,Piemineklis,1980. (1981.?)g.,56.41489845619203,21.83661460876465,1,/,0,2022-05-16T02:13:03.128031
290,Valmieras novads,Dikļu pagasts,Dikļu kapsētā,Dikļu pagasta iedzīvotāju piemiņas vieta,1941. - 1945. g.,Izveidota piemiņas vieta Otrajā Pasaules karā kritušajiem diklēniešiem.,Piemiņas akmens,,57.59765645404629,25.064256191253666,1,/,0,2022-05-16T02:13:03.128031
291,Valmieras novads,Vaidavas pagasts,pie Rieviņiem,PSV SA karavīra M.Kovaļova bojā ejas vieta,1944. g.,,?,,57.4313791,25.2805299,1,/,0,2022-05-16T02:13:03.128031
292,Vecpiebalgas novads,Dzērbenes pagasts,3 km no Dzērbenes centra aiz Dzērbenes stacijas,SA karavīru piemiņas vieta,1943. g.,"Šajā vietā 1943.09.10. -11. Dzērbenē nometa (desantēja) SA izlūku grupu 9 civēku sastāvā, grupas vadītājs Jēkabs Spuģis.",Pelēka granīta piemineklis,1973. g.,57.19451103234363,25.688567161560062,1,/,0,2022-05-16T02:13:03.128031
293,Vecpiebalgas novads,Dzērbenes pagasts,pie Dzērbenes vidusskolas,SA komisāra K. Dozīša piemiņas vieta,1894. - 1938. g.,Dzērbenes skolā mācījies Dzērbenē dzimušais SA Latviešu strēlnieku divīzijas komisārs Kārlis Dozītis (1894. – 1938.),Laukakmens ar piemiņas plāksni (plāksne ir bijusi pie skolas sienas),20. gs. 60. g.,57.19120123622753,25.674941539764404,1,/,0,2022-05-16T02:13:03.128031
294,Vecumnieku novads,Skaistkalnes pagasts,pie Breiliņiem,Kauju vieta,1944. g.,Šajā vietā 1944. g. augustā SA 4 triecienarmijas 166. strēlnieku divīzijas daļas forsēja Mēmeli.,Piemiņas akmens ar piemiņas plāksni,1975. g.,56.37964055657919,24.645112752914432,1,/,0,2022-05-16T02:13:03.128031
295,Vecumnieku novads,Stelpes pagasts,pie Kūlu mājām,SA izlūku piemiņas vieta,1942. - 1943. g.,Stelpes ciema Kūlās 1942. - 1943. g. darbojās padomju izlūku grupa Augusta Leinasāra vadībā.,Piemiņas akmens,20. gs. 70. g.,56.5336485239736,24.527149200439457,1,/,0,2022-05-16T02:13:03.128031
296,Ventspils,,Pils ielā (bij. Fabriciusa iela),Piemineklis J. Fabriciusam,,"Piemineklis padomju militārajam darbiniekam, pilsoņu kara varonim Jānim Fabriciusam (1877. - 1929.)",Piemineklis,,57.39558917160811,21.559939384460453,1,/,0,2022-05-16T02:13:03.128031
297,Ventspils novads,Popes pagasts,,Piemiņas vieta 2.PK kritušajiem,1941. - 1945. g.,,?,,57.39540417660596,21.848373413085938,1,/,0,2022-05-16T02:13:03.128031
298,Ventspils novads,Vārves pagasts,pie Straumēniem,Piemiņas vieta 2PK kritušajiem zūreniekiem,,Piemiņas vieta 1919. g. un 2. PK kritušajiem zūreniekiem,?,,57.25688219223419,21.610096693038944,1,/,0,2022-05-16T02:13:03.128031
299,Ventspils novads,Zlēku pagasts,Abavas labajā krastā,SA partizāņu kaujas vieta,1945. g.,,?,,57.09770137967516,21.89804792404175,1,/,0,2022-05-16T02:13:03.128031
300,Viļakas novads,Susāju pagasts,"pie Apšulejām, mežā",SAP M.Marcinkēvičas bojā ejas vieta,1943.05.05.,1943.05.05. kaujā ar VA daļām ielenkumā sevi uzspridzināja SAP radiste Marija Marcinkeviča,"Granīta piemiņas plāksne, apkārt koka sētiņa",20.gs. 70.g.,57.194506035887684,27.60143280029297,1,/,0,2022-05-16T02:13:03.128031
301,Viļakas novads,Susāju pagasts,"Egļevas mežniecības 359. kv., Stampaku mežā",SA partizāņu nometnes vieta,1943. -1944. g.,1975. g. atjaunotās SA 1. latviešu partizāņu brigādes 2. vienības mītnes (1943.09. - 1944.03.) 1982. g. pussabrukušas,"Piemiņas akmens ar plāksni Viļakas - Balvu ceļa 7. - 8. km, kreisajā pusē",,57.1943069,27.583299,1,/,0,2022-05-16T02:13:03.128031
302,Viļakas novads,Viļakas pilsēta,Centrālajā skvērā,Piemineklis SA partizāņiem,1941.-1944. g.,"Pēc 1954.g. materiāliem 1947.g. šeit apbedīti 14 SAP un uzstādīts tipveida piemineklis, kurš 1962.gadā nomainīts ar jaunu (Z.Zvāra a` la Piņķu Balodis)",Smilšakmens piemineklis - figūra (tēlniece Z. Zvāra),1962. g.,57.1869996,27.6823733,1,/,0,2022-05-16T02:13:03.128031
303,Viļakas novads,Žīguru pagasts,"Katlešos, bij. Katlešu muižas parkā",Masu terora upuru nogalināšanas vieta,1919.05.22.,"1919.05.22. Katlešu muižas parkā pakāra SAP atbalstītājus Liepnas IK darbinieka tēvu Andreju Kaķīti, māti Līzi Kaķīti, māsu Georginu Kaķīti, K.Andersonu, G.Andersonu un 2 nezināmus SA karavīrus. Apbedīti turpat Katlešu muižas parkā.",Piemiņas plāksne uz betona pamatnes,1958. g.,57.33683559813005,27.745714187622074,1,/,0,2022-05-16T02:13:03.128031
304,Viļakas novads,Žīguru pagasts,"Žīguri, Parka ielā 9",Piemineklis SA partizāņiem,1941. - 1944. g.,Ierīkota piemiņas vieta 2PK kritušajiem SAP,"Granīta obelisks uz ~ 1,2 m augstas apmestas ķieģļu? mūra terases",20.gs. 60.g.,57.266349080823765,27.667393684387207,1,/,0,2022-05-16T02:13:03.128031
305,Viļakas novads,Žīguru pagasts,"Katlešu mežniecības 129. kv., 138. augstiene",SA partizāņu nometnes vieta,1944. g.,1942.-1944.g. šeit atradās 1.Latvijas partizāņu brigādes 3.vienības nometne.,Laukakmens un atjaunotās mītnes (fiksētas 1981. g.),1979.05.27.,57.3382959364831,27.741765975952152,1,/,0,2022-05-16T02:13:03.128031
306,Zilupes novads,Lauderu pagasts,Lauderos,Piemiņas vieta Lauderu ciema iedzīvotājiem,1941. - 1945. g.,Ierīkota piemiņas vieta LTK kritušajiem Lauderu ciema iedzīvotājiem,Ķieģeļu un betona stēlu komplekss ar 8 piemiņas plāksnēm ar vārdiem,1974. g,56.3162029,27.9679714,1,/,0,2022-05-16T02:13:03.128031
307,Zilupes novads,Pasienes pagasts,,Piemiņas vieta Pasienes ciema iedzīvotājiem,1941. - 1945. g.,Ierīkota piemiņas vieta LTK kritušajiem Pasienas ciema iedzīvotājiem,Obeliska vieda piemineklis,20. gs. 60. - 70. g.,56.28948917458787,28.155212402343754,1,/,0,2022-05-16T02:13:03.128031
308,Zilupes novads,Pasienes pagasts,Istras mežniecības 183. kv.,"SAP piemiņas vieta ""Draudzības kurgāns""",1941. - 1944. g.,"Piemiņas vieta krievu, baltkrievu un latviešu SAP draudzībai",Piemiņas ansamblis,"1959., 20. gs. 70. g.",56.23228173588733,28.133497238159183,1,/,0,2022-05-16T02:13:03.128031
309,Zilupes novads,Pasienes pagasts,Istras mežniecības 183. kv.,Piemiņas akmens PSV I. Sudmalim,1944. g.,"Piemiņas akmens LKP un komjaunatnes funkcionāram, SAP, PSV Imantam Sudmalim (1916. - 1944.). I. Sudmalis notiesāts ar nāves spriedumu par terora aktu Rīgā, Doma laukumā, kur gāja bojā 13 civiliedzīvotāji.",Piemiņas akmens,20. gs. 70. g.,56.234168995290574,28.139119148254398,1,/,0,2022-05-16T02:13:03.128031
310,Zilupes novads,Pasienes pagasts,"1,8 km no Draudzības kurgāna",Kaujas vieta,1942. g.,17.10.1942. kaujā krita Osvejas partizāņu brigādes komandieris Vladimirs Simackis.,Piemiņas plāksne,1962. g.,56.28596396448723,28.1590747833252,1,/,0,2022-05-16T02:13:03.128031
311,Zilupes novads,Pasienes pagasts,Istras mežniecības 183.kv.,Piemineklis SAP M. Pinto,1944. g.,Ierīkota piemiņas vieta SAP Marijai Pinto,Piemineklis,1988.07.02.,56.230659257405776,28.139677047729496,1,/,0,2022-05-16T02:13:03.128031
312,Zilupes novads,Zaļesjes pagasts,Zaļesjē,Piemiņas vieta Zaļesjes ciema iedzīvotājiem,1941. - 1945. g.,Ierīkota piemiņas vieta LTK kritušajiem Zaļesjes ciema iedzīvotājiem,?,20. gs. 60. - 80. g.,56.3504035,28.0998535,1,/,0,2022-05-16T02:13:03.128031
313,Zilupes novads,Zilupes pilsēta,Brīvības un bij. Partizāņu ielas stūrī,Piemiņas vieta Zilupes iedzīvotājiem,1941.- 1945.,Ierīkota piemiņas vieta LTK kritušajiem Zilupes iedzīvotājiem,Betona obelisks ar piemiņas plāksni,20. gs. 60. - 70. g.,56.387326687482,28.123669624328613,1,/,0,2022-05-16T02:13:03.128031
